title,content,price,url
Ades Alimento Líquido a Base de Almendra,946 ML Líquido Tetrapack,$45.00 MXN,N/A
Santa Clara Leche Light 100% Pura De Va...,1 L Líquido Tetrapack,$37.00 MXN,N/A
Santa Clara Leche Entera 100% Pura De V...,1 L Líquido Tetrapack,$36.00 MXN,N/A
Santa Clara Leche Deslactosada 100% Pur...,1 L Líquido Tetrapack,$37.00 MXN,N/A
Santa Clara Leche Light Deslactosada,1 L Líquido Tetrapack,$37.00 MXN,N/A
Ades Bebida de Soya sin Azúcares Añadid...,946 ML Líquido Tetrapack,$35.00 MXN,N/A
Sta. María Agua Pura de Manantial,4 L Botella,$36.00 MXN,N/A
Welch´S Snacks Variedad de Frutas Gomit...,60 G Bolsa,$32.00 MXN,N/A
Welch´S Snacks Frutos Rojos Gomitas con...,60 G Bolsa,$32.00 MXN,N/A
Sta. María Agua Pura de Manantial,1.5 L Botella,$17.00 MXN,N/A
Welch´S Juicefuls Gomitas con puré de f...,50 G Bolsa,$38.00 MXN,N/A
Welch´S Juicefuls Gomitas con puré de f...,50 G Bolsa,$38.00 MXN,N/A
Be Light sabor limón sin calorías,1 L Líquido Botella,$15.00 MXN,N/A
Metco Azúcar mascabado genuino,50 Sobres,$31.00 MXN,N/A
Metco Piloncillo genuino,54 Sobres,$56.00 MXN,N/A
Smart Chips Spicy Cheddar Botana de maí...,20 G Bolsa,$16.00 MXN,N/A
Smart Chips Chile y Limón Botana de maí...,20 G Bolsa,$16.00 MXN,N/A
Jumex Cero bebida sabor mango adicionad...,475 ML Tetrapack,$24.00 MXN,N/A
Jumex Cero bebida sabor durazno adicion...,475 ML Tetrapack,$24.00 MXN,N/A
Jumex Cero bebida sabor manzana adicion...,475 ML Tetrapack,$24.00 MXN,N/A
Vitamin Water Power C Bebida hidratante...,500 ML Botella,$35.00 MXN,N/A
Skippy Crema de cacahuate con trozos de...,462 G Frasco,$120.00 MXN,N/A
Vitamin Water Bebida hidratante sabor c...,500 ML Botella,$35.00 MXN,N/A
Vitamin Water Bebida hidratante sabor p...,500 ML Botella,$35.00 MXN,N/A
Skippy Crema de cacahuate cremosa sin a...,454 G Frasco,$102.00 MXN,N/A
Svelty Producto lácteo en polvo bajo en...,360 G Lata,$62.00 MXN,N/A
Gatorade Bebida isotónica sabor moras f...,1 L Envase,$33.00 MXN,N/A
Manna Foods Kalechips totopo de kale co...,50 G Bolsa,$24.00 MXN,N/A
Gatorlyte Electrolitos sabor frutos tro...,591 ML Botella,$24.00 MXN,N/A
Dont Worry Mini barritas de arroz infla...,50 G Bolsa,$58.00 MXN,N/A
Peñafiel Twist Agua Mineral con Sabor a...,600 ML Botella,$20.00 MXN,N/A
Peñafiel Agua Mineral de Manantial de O...,600 ML Botella,$19.00 MXN,N/A
Snapple Diet Té Negro Sabor Limón sin C...,473 ML Botella,$19.00 MXN,N/A
Snapple Diet Té Negro Sabor Frambuesa s...,473 ML Botella,$19.00 MXN,N/A
Snapple Diet Té Negro Sabor Durazno sin...,473 ML Botella,$19.00 MXN,N/A
Peñafiel Limonada con Agua Mineral de M...,600 ML Botella,$19.00 MXN,N/A
Peñafiel Twist Agua Mineral con Sabor a...,600 ML Botella,$20.00 MXN,N/A
Peñafiel Twist Agua Mineral de Manantia...,600 ML Botella,$20.00 MXN,N/A
Peñafiel Naranjada con Agua Mineral de ...,600 ML Botella,$19.00 MXN,N/A
Gullón Diet Nature Galletas Digestivas ...,410 G Caja,$98.00 MXN,N/A
Gullón Mini Chip Choco Zero Galletas co...,75 G Pieza,$48.00 MXN,N/A
Gullón Galletas Rellenas de Crema de Ch...,250 G Pieza,$85.00 MXN,N/A
Gullón Galletas María Dorada Zero sin A...,400 G Caja,$88.00 MXN,N/A
Gullón Chip Choco Zero Galletas con Chi...,125 G Pieza,$58.00 MXN,N/A
Taifeld's Galletas de Avena con Semilla...,250 G Caja,$78.00 MXN,N/A
Gatorade Bebida Isotónica Sabor Moras,1 L Botella,$34.00 MXN,N/A
Brand Blue Mango Enchilado,800 G Bote,$278.00 MXN,N/A
Brand Blue Nueces Mixtas sin Sal,800 G Bote,$278.00 MXN,N/A
Brand Blue Mezcla de Frutos y Nueces,900 G Bote,$278.00 MXN,N/A
Brand Blue Nueces Mixtas con Sal,800 G Bote,$278.00 MXN,N/A
Perrier Agua Mineral Gasificada,330 ML Lata,$25.00 MXN,N/A
Jumex Ito Jugo con Mix Mango y Manzana ...,200 ML Tetrapack,$11.00 MXN,N/A
Jumex ito Jugo de Frutas Tropicales Adi...,200 ML Tetrapack,$11.00 MXN,N/A
Coffee Mate Original Balance Sustituto ...,400 G Bote,$72.00 MXN,N/A
Dont Worry Quinoa Bites Sabor a Chocola...,74 G Bolsa,$88.00 MXN,N/A
Gatorlyte Bebida Sabor Coco con Electro...,591 ML Botella,$24.00 MXN,N/A
Jumex Ito Jugo de Manzana de Concentrad...,200 ML Tetrapack,$11.00 MXN,N/A
Be Light Agua Saborizada Sabor Jamaica,1 L Botella,$15.00 MXN,N/A
Nescafé Ice Café Soluble para Disolver ...,170 G Frasco,$140.00 MXN,N/A
Jumex 0% Manzana,960 ML Envase,$32.00 MXN,N/A
Jumex 0% Mango,960 ML Envase,$32.00 MXN,N/A
Inmortal Inmortal Agua Carbonatada con ...,355 ML Lata,$22.00 MXN,N/A
Not Milk Zero Bebida Sabor Lácteo con F...,1 L Tetrapack,$52.00 MXN,N/A
Not Milk Ligera Bebida Sabor Lácteo con...,1 L Tetrapack,$51.00 MXN,N/A
Not Milk Original Leche a base de Plant...,1 L Tetrapack,$51.00 MXN,N/A
Kelloggs Extra Hojuelas de Maíz con Sab...,130 G Bolsa,$33.00 MXN,N/A
Corn Flakes Hojuelas de Maíz Adicionada...,90 G Bolsa,$26.00 MXN,N/A
Taifeld's Keto Cookies Galletas con Chi...,180 G Caja,$115.00 MXN,N/A
Punta Del Cielo Cold Brew Infusión de C...,140 ML Botella,$37.00 MXN,N/A
Nescafé Dolce Gusto Americano Café Tost...,16 Cápsulas Caja,$108.50 MXN,N/A
Mac´Ma Waffer Natta Galletas con Rellen...,150 G Caja,$55.00 MXN,N/A
Mac´Ma Zero Mini Abanicos Galletas Sabo...,150 G Caja,$55.00 MXN,N/A
Mac´Ma Zero Gofrenata Galletas con Rell...,150 G Caja,$55.00 MXN,N/A
Jumex Unicofresco Jugo de Naranja sin P...,960 ML Envase,$51.00 MXN,N/A
Jumex Unicofresco Jugo de Naranja con P...,960 ML Envase,$52.00 MXN,N/A
Nescafé Capsulas para Preparare Café y ...,16 Cápsulas Caja,$112.00 MXN,N/A
Calahua Acapulcoco Agua de Coco con 1% ...,330 ML Botella,$24.00 MXN,N/A
Sanissimo Salmas Tostaditas de Maíz Bla...,144 G Caja,$34.00 MXN,N/A
Las Sevillanas Surtido de Dulces Reduci...,155 G Bolsa,$93.00 MXN,N/A
Manna Foods Colichips Botana de Harina ...,50 G Bolsa,$28.00 MXN,N/A
San Pellegrino Naturali Limonada Bebida...,330 ML Lata,$38.00 MXN,N/A
San Pellegrino Naturali Aranciata Bebid...,330 ML Lata,$38.00 MXN,N/A
Carlota Miel Natural de Abeja,300 G Frasco,$68.00 MXN,N/A
McCormick Té de Manzanilla sin Cafeína,25 Sobre Caja,$24.00 MXN,N/A
McCormick Balance Infusión Herbal con E...,20 Sobre Caja,$38.00 MXN,N/A
Taifeld's Galletas Integrales de Amaran...,100 G Caja,$28.00 MXN,N/A
Taifeld's Galletas Keto con Almendra y ...,180 G Caja,$93.00 MXN,N/A
Gatorlyte Bebida Sabor Uva con Electrol...,591 ML Botella,$24.00 MXN,N/A
Gatorlyte Bebida con Electrolitos Sabor...,591 ML Botella,$24.00 MXN,N/A
Gatorlyte Bebida con Electrolitos Sabor...,591 ML Botella,$24.00 MXN,N/A
Slim Pop Palomitas de Maíz con Azúcar y...,25 G Bolsa,$12.00 MXN,N/A
Jumex Unicofresco Jugo de Naranja Sin P...,475 ML Tetrapack,$28.00 MXN,N/A
"Powerade Bebida para Deportistas, Sabor...",500 ML Botella,$25.00 MXN,N/A
Del Valle 100% Jugo de Naranja,413 ML Botella,$25.00 MXN,N/A
Del Valle 100% Jugo de Manzana,413 ML Botella,$25.00 MXN,N/A
"Alpura Leche Deslactosada, Parcialmente...",1.5 L Tetrapack,$47.50 MXN,N/A
Alpura Vaquitas Fresúper Leche Sabor Fr...,200 ML Tetrapack,$11.00 MXN,N/A
Alpura Vaquitas Chocopower Leche Sabor ...,200 ML Tetrapack,$11.00 MXN,N/A
Alpura Pro Leche Deslactosada Extra Pro...,1 L Tetrapack,$36.50 MXN,N/A
Tasty Crema de Cacahuate Sin Azúcar,310 G Tarro,$81.00 MXN,N/A
Santa Clara Leche Sabor a Helado de Caf...,250 ML Líquido Botella,$21.00 MXN,N/A
Fitness Original Cereal con Hojuelas de...,230 G Bolsa,$41.00 MXN,N/A
"Cheerios Miel Cereal de Maíz, Trigo, Av...",230 G Bolsa,$38.00 MXN,N/A
Nidal Infantil Leche en Polvo para Niño...,687 G Bolsa,$100.00 MXN,N/A
Hydrolit Bebida Sabor Naranja - Mandari...,625 ML Líquido Botella,$23.00 MXN,N/A
Hydrolit Bebida Sabor Manzana Adicionad...,625 ML Botella,$26.00 MXN,N/A
Hydrolit Bebida Sabor Coco Adicionada c...,625 ML Líquido Botella,$26.00 MXN,N/A
Dont Worry Quinoa Bites Barritas Sabor ...,74 G DoyPack,$92.00 MXN,N/A
"Gatorade Bebida Sabor Frambuesa, con El...",1 L Líquido Botella,$34.00 MXN,N/A
Apivita Loción Tónica para Pérdida de C...,150 ML Loción Atomizador,$990.00 MXN,N/A
Slim Pop Mezcla de Chiles Palomitas Hec...,18 G Bolsa,$12.00 MXN,N/A
Slim Pop Limón y Sal Palomitas Hechas C...,18 G Bolsa,$12.00 MXN,N/A
Slim Pop Sal de Mar Palomitas Hechas Co...,18 G Bolsa,$12.00 MXN,N/A
Dont Worry Merengues Sabor Doble Chocol...,68 G Bote,$96.00 MXN,N/A
Dont Worry Merengues Sabor Cookies & Cr...,51 G Bote,$96.00 MXN,N/A
Nature Valley Trail Mix Barras de Grano...,150 G Caja,$66.00 MXN,N/A
Nature Valley Crujiente Barras de Grano...,210 G Caja,$66.00 MXN,N/A
Fiber One Brownies Sabor Chocolate Con ...,151 G Caja,$84.00 MXN,N/A
Santa Clara Leche con Sabor a Helado de...,250 ML Líquido Botella,$21.00 MXN,N/A
Santa Clara Leche con Sabor a Helado de...,250 ML Líquido Botella,$21.00 MXN,N/A
Del Valle de Manzana Jugo Clarificado,1 L Líquido Botella,$29.00 MXN,N/A
Del Valle de Durazno Néctar,1 L Líquido Botella,$29.00 MXN,N/A
Powerade ION4 Bebida Rehidratante Sabor...,1 L Líquido Botella,$35.00 MXN,N/A
Powerade ION4 Bebida Rehidratante Sabor...,1 L Líquido Botella,$35.00 MXN,N/A
Powerade ION4 Bebida Rehidratante Sabor...,1 L Líquido Botella,$35.00 MXN,N/A
Powerade ION4 Bebida Rehidratante Sabor...,1 L Líquido Botella,$35.00 MXN,N/A
Svetia Endulcolorante De Mesa Stevia,105 G Caja,$99.50 MXN,N/A
Calahua Leche de Coco Natural Sin Azúca...,1 L Líquido Tetrapack,$52.00 MXN,N/A
Acapulcoco Agua De Coco,1 L Líquido Tetrapack,$64.00 MXN,N/A
Calahua Acapulcoco Agua De Coco 100% Na...,330 ML Líquido Tetrapack,$24.00 MXN,N/A
Calahua Acapulcoco Agua De Coco Orgánica,330 ML Líquido Tetrapack,$29.00 MXN,N/A
Picard Chocolate Sin azúcar,100 G Caja,$77.50 MXN,N/A
Choco Zero Chocolate Sabor menta,52 G Caja,$56.00 MXN,N/A
Choco Zero Chocolate Amargo,52 G Caja,$56.00 MXN,N/A
Picard Choco Zero Barra de Chocolate Os...,100 G Caja,$107.00 MXN,N/A
Picard Mini Snacks Chocolate con Leche ...,30 G Bolsa,$29.00 MXN,N/A
Picard Surtido de Chocolate con leche Y...,70 G Caja,$46.00 MXN,N/A
Taifeld's Panecillos de Salvado Integra...,240 G Bolsa,$59.00 MXN,N/A
Taifeld's Super Cookies Galletas con Am...,90 G Bolsa,$31.00 MXN,N/A
Taifeld's Galletas Integrales de Amaran...,100 G Bolsa,$30.00 MXN,N/A
Taifeld's Galletas Integrales de Amaran...,100 G Bolsa,$29.00 MXN,N/A
Taifeld's Brownies con Arándanos Paneci...,90 G Caja,$30.00 MXN,N/A
Cerezo Mazapán Light,3 Piezas Bolsa,$48.00 MXN,N/A
Sta. María Agua Pura de Manantial,1 L Botella,$13.00 MXN,N/A
Perrier Agua Mineral,330 ML Líquido Botella,$36.00 MXN,N/A
Sta. María Agua Pura de Manantial,500 ML Botella,$12.00 MXN,N/A
Nescafé Taster's Choice Café Descafeina...,100 G Frasco,$200.00 MXN,N/A
Nescafé Taster's Choice Café Arábico So...,100 G Granulado Frasco,$200.00 MXN,N/A
Nescafé decaf Café Descafeinado Soluble,120 G Granulado Frasco,$130.00 MXN,N/A
Nescafé Clásico Café Soluble,120 G Granulado Frasco,$111.00 MXN,N/A
Nido FortiGrow Deslactosado Leche En Po...,1.6 KG Polvo Lata,$265.00 MXN,N/A
Splenda Sustituto de azúcar,100 Polvo Sobre,$84.00 MXN,N/A
Gatorade Bebida isotónica Sabor uva,1 L Líquido Botella,$34.00 MXN,N/A
Gatorade Bebida isotónica Sabor moras,600 ML Líquido Botella,$22.00 MXN,N/A
Gatorade Bebida isotónica Sabor ponche ...,600 ML Líquido Botella,$22.00 MXN,N/A
Gatorade Bebida isotónica Sabor uva,600 ML Líquido Botella,$22.00 MXN,N/A
Gatorade Bebida isotónica Sabor naranja,600 ML Líquido Botella,$22.00 MXN,N/A
Gatorade Bebida isotónica Sabor ponche ...,1 L Líquido Botella,$34.00 MXN,N/A
Gatorade Bebida isotónica Sabor lima li...,1 L Líquido Botella,$34.00 MXN,N/A
Gatorade Bebida isotónica Sabor naranja,1 L Líquido Botella,$34.00 MXN,N/A
Glorias Dulces Sugar free,90 G Bolsa,$65.00 MXN,N/A
Ades Alimento Líquido de Soya Sabor Gua...,946 ML Líquido Tetrapack,$32.00 MXN,N/A
Ades Alimento Líquido de Soya con Jugo ...,946 ML Líquido Tetrapack,$32.00 MXN,N/A
Ades Alimento Líquido de Soya con Jugo ...,946 ML Líquido Tetrapack,$32.00 MXN,N/A
Ades Alimento Líquido de Soya con Jugo ...,946 ML Líquido Tetrapack,$32.00 MXN,N/A
Alpura Deslactosada light Leche líquida,1 L Líquido Tetrapack,$33.00 MXN,N/A
Alpura 2000 Leche líquida Deslactosada,1 L Líquido Tetrapack,$32.00 MXN,N/A
Alpura Selecta Leche Entera Ultrapasteu...,1 L Líquido Tetrapack,$31.00 MXN,N/A
Alpura 2000 Leche líquida Light,1 L Líquido Tetrapack,$31.00 MXN,N/A
Alpura 2000 Leche líquida,1 L Tetrapack,$31.00 MXN,N/A
