title,price,url,source_page
Detergente en Polvo Ariel Limpieza Profunda a la Primera Polvo Ultra Fino 4 kg,$218.00,https://www.walmart.com.mx/ip/detergente-en-polvo-ariel-limpieza-profunda-a-la-primera-polvo-ultra-fino-4-kg/00750043515073?athbdg=L1504,walmart_page_1
Atún Dolores aleta amarilla en agua 140 g,$21.00,https://www.walmart.com.mx/ip/atun-dolores-aleta-amarilla-en-agua-140-g/00750104540314?athbdg=L1300,walmart_page_1
Leche Lala 100 sin lactosa proteína 1 l,$45.00,https://www.walmart.com.mx/ip/leche-lala-100-sin-lactosa-proteina-1-l/00750102055098?athbdg=L1506,walmart_page_1
Leche Lala 100 sin lactosa proteína light 1 l,$45.00,https://www.walmart.com.mx/ip/leche-lala-100-sin-lactosa-proteina-light-1-l/00750102055097?athbdg=L1506,walmart_page_1
Detergente líquido Persil Universal 6.64Lt,$235.00,https://www.walmart.com.mx/ip/detergente-liquido-persil-universal-6-64lt/00750045900012?athbdg=L1300,walmart_page_1
"Lavatrastes Líquido Salvo Limón Rinde hasta 50% Más*, 1.2 l",$82.00,https://www.walmart.com.mx/ip/lavatrastes-liquido-salvo-limon-rinde-hasta-50-mas-1-2-l/00750633932347?athbdg=L6000,walmart_page_1
Detergente líquido MAS colores intensos 6.64 l,$235.00,https://www.walmart.com.mx/ip/detergente-liquido-mas-colores-intensos-6-64-l/00750045900029?athbdg=L1300,walmart_page_1
Atún Tuny clásico en agua 140 g,$24.00,https://www.walmart.com.mx/ip/atun-tuny-clasico-en-agua-140-g/00750104141583?athbdg=L1506,walmart_page_1
Detergente en Polvo Ariel Revitacolor Limpieza a la Primera en Colores 4 kg,$218.00,https://www.walmart.com.mx/ip/detergente-en-polvo-ariel-revitacolor-limpieza-a-la-primera-en-colores-4-kg/00750043521611?athbdg=L1504,walmart_page_1
Jugo Jumex Único Fresco de naranja sin pulpa 960 ml,$47.00,https://www.walmart.com.mx/ip/jugo-jumex-unico-fresco-de-naranja-sin-pulpa-960-ml/00750101310693?athbdg=L1506,walmart_page_1
Pasta Dental Colgate Triple Acción Menta Original 2 x 140 ml,$94.00,https://www.walmart.com.mx/ip/pasta-dental-colgate-triple-accion-menta-original-2-x-140-ml/00750954608062?athbdg=L1504,walmart_page_1
"Detergente en polvo Ariel Paraíso Floral, para lavar ropa blanca y de color 4 kg",$218.00,https://www.walmart.com.mx/ip/detergente-en-polvo-ariel-paraiso-floral-para-lavar-ropa-blanca-y-de-color-4-kg/00750043525884?athbdg=L1504,walmart_page_1
Cereal Kellogg's Zucaritas Original 620 g,$79.00,https://www.walmart.com.mx/ip/cereal-kellogg-s-zucaritas-original-620-g/00750100805734?athbdg=L1504,walmart_page_1
Leche Santa Clara entera 1 l,$30.00,https://www.walmart.com.mx/ip/leche-santa-clara-entera-1-l/00750129560012?athbdg=L1300,walmart_page_1
"Suavizante de Telas Downy Intense Floral, Aroma Dulce con Notas Florales, 2.8 l",$125.00,https://www.walmart.com.mx/ip/suavizante-de-telas-downy-intense-floral-aroma-dulce-con-notas-florales-2-8-l/00750043512614?athbdg=L1504,walmart_page_1
Cereal Kellogg's Choco Krispis Original 560 g,$79.00,https://www.walmart.com.mx/ip/cereal-kellogg-s-choco-krispis-original-560-g/00750100805710?athbdg=L1504,walmart_page_1
Frijoles negros Isadora refritos 430 g,$20.00,https://www.walmart.com.mx/ip/frijoles-negros-isadora-refritos-430-g/00750107130779?athbdg=L1504,walmart_page_1
"Suavizante de Telas Downy Intense Amanecer, Aroma con Notas Frescas Florales 2.8 l",$125.00,https://www.walmart.com.mx/ip/suavizante-de-telas-downy-intense-amanecer-aroma-con-notas-frescas-florales-2-8-l/00750043516087?athbdg=L1504,walmart_page_1
"Lavatrastes Salvo Power Clean, remueve cochambre, 1.2 l",$85.00,https://www.walmart.com.mx/ip/lavatrastes-salvo-power-clean-remueve-cochambre-1-2-l/00750043512271?athbdg=L6000,walmart_page_1
Crema corporal Nivea Milk Nutritiva 400 ml,$110.00,https://www.walmart.com.mx/ip/crema-corporal-nivea-milk-nutritiva-400-ml/00750105450453?athbdg=L1504,walmart_page_1
Agua para bebé Nestle Gerber Galon 4lt,$38.00,https://www.walmart.com.mx/ip/agua-para-bebe-nestle-gerber-galon-4lt/00750100098477?athbdg=L1504,walmart_page_1
Caldo de Pollo Knorr en polvo 130g,$21.00,https://www.walmart.com.mx/ip/caldo-de-pollo-knorr-en-polvo-130g/00750630632192?athbdg=L1504,walmart_page_1
Detergente líquido MAS oscuros intensos 6.64 l,$235.00,https://www.walmart.com.mx/ip/detergente-liquido-mas-oscuros-intensos-6-64-l/00750045900030?athbdg=L1300,walmart_page_1
Pasta Dental Colgate Max Fresh Cool Mint Aliento Fresco 10x Más Duradero 2x80 ml,$54.00,https://www.walmart.com.mx/ip/pasta-dental-colgate-max-fresh-cool-mint-aliento-fresco-10x-mas-duradero-2x80-ml/00750954668387?athbdg=L1504,walmart_page_1
Cápsulas de café Nescafé Dolce Gusto americano 16 pzas,$159.00,https://www.walmart.com.mx/ip/capsulas-de-cafe-nescafe-dolce-gusto-americano-16-pzas/00761303669310?athbdg=L6000,walmart_page_1
Shampoo Pantene Pro-V Bambú Nutre & Crece 750 ml,$155.00,https://www.walmart.com.mx/ip/shampoo-pantene-pro-v-bambu-nutre-crece-750-ml/00750043515585?athbdg=L6000,walmart_page_1
"Jabón Líquido para Trastes Salvo Sábila Remueve Grasa, Rinde hasta 50% Más*, 1.2 l",$82.00,https://www.walmart.com.mx/ip/jabon-liquido-para-trastes-salvo-sabila-remueve-grasa-rinde-hasta-50-mas-1-2-l/00750043525893?athbdg=L6000,walmart_page_1
Papas fritas Sabritas sal 160 g,$61.00,https://www.walmart.com.mx/ip/papas-fritas-sabritas-sal-160-g/00750101113388?athbdg=L1504,walmart_page_1
Néctar Del Valle clarificado sabor manzana 1 l,$29.00,https://www.walmart.com.mx/ip/nectar-del-valle-clarificado-sabor-manzana-1-l/00750105533386?athbdg=L1504,walmart_page_1
Papas fritas Barcel Chip's sabor jalapeño 160 g,$61.00,https://www.walmart.com.mx/ip/papas-fritas-barcel-chip-s-sabor-jalapeno-160-g/00750301854471?athbdg=L1504,walmart_page_1
Spaghetti La Moderna 250 g,$14.00,https://www.walmart.com.mx/ip/spaghetti-la-moderna-250-g/00750101832203?athbdg=L1504,walmart_page_1
"Suavizante de Telas Downy Intense Exótico, Aroma Dulce con Notas Frutales, 2.8 l",$125.00,https://www.walmart.com.mx/ip/suavizante-de-telas-downy-intense-exotico-aroma-dulce-con-notas-frutales-2-8-l/00750043525208?athbdg=L1504,walmart_page_1
Bebida Ocean Spray arándano 1 l,$40.00,https://www.walmart.com.mx/ip/bebida-ocean-spray-arandano-1-l/00003120045456?athbdg=L1504,walmart_page_1
Botana Doritos Nacho con queso sabor chile 223 g,$61.00,https://www.walmart.com.mx/ip/botana-doritos-nacho-con-queso-sabor-chile-223-g/00750101116773?athbdg=L1504,walmart_page_1
Papas fritas Sabritas adobadas 160 g,$61.00,https://www.walmart.com.mx/ip/papas-fritas-sabritas-adobadas-160-g/00750101113392?athbdg=L1504,walmart_page_1
Papas fritas Ruffles sabor queso 185 g,$61.00,https://www.walmart.com.mx/ip/papas-fritas-ruffles-sabor-queso-185-g/00750047800798?athbdg=L1504,walmart_page_1
Alimento para Perro Pedigree Adulto Res en Filetes 100 g,$12.00,https://www.walmart.com.mx/ip/alimento-para-perro-pedigree-adulto-res-en-filetes-100-g/00070646024927?athbdg=L1504,walmart_page_1
"Shampoo L'Oréal Paris Dream Liso Efecto Keratina, Anti frizz 72hrs 680ml",$157.00,https://www.walmart.com.mx/ip/shampoo-l-oreal-paris-dream-liso-efecto-keratina-anti-frizz-72hrs-680ml/00750955296147?athbdg=L1504,walmart_page_1
Agua micelar Garnier skin active todo en 1 piel sensible 400 ml,$97.00,https://www.walmart.com.mx/ip/agua-micelar-garnier-skin-active-todo-en-1-piel-sensible-400-ml/00750955245555?athbdg=L1300,walmart_page_1
Alimento para Gato Whiskas Adulto Fillets Salmón 85 g,$12.00,https://www.walmart.com.mx/ip/alimento-para-gato-whiskas-adulto-fillets-salmon-85-g/00070646000064?athbdg=L1504,walmart_page_10
Alimento para Gato Whiskas Filetes Pollo Adulto 85 g,$12.00,https://www.walmart.com.mx/ip/alimento-para-gato-whiskas-filetes-pollo-adulto-85-g/00070646000065?athbdg=L1504,walmart_page_10
Alimento para Perro Pedigree Razas Pequeñas Res en Filetes 100 g,$12.00,https://www.walmart.com.mx/ip/alimento-para-perro-pedigree-razas-pequenas-res-en-filetes-100-g/00070646024948?athbdg=L1504,walmart_page_10
Vajilla Gibson Home Shadow 36pz,"$1,399.00",https://www.walmart.com.mx/ip/vajilla-gibson-home-shadow-36pz/00008508120263?athbdg=L6000,walmart_page_10
Shampoo Tío Nacho ginseng 950 ml,$190.00,https://www.walmart.com.mx/ip/shampoo-tio-nacho-ginseng-950-ml/00065024006615?athbdg=L1504,walmart_page_10
Pañales Huggies UltraConfort etapa 5 niño 40 piezas,$372.00,https://www.walmart.com.mx/ip/panales-huggies-ultraconfort-etapa-5-nino-40-piezas/00750642560432?athbdg=L1504,walmart_page_10
Shampoo Garnier Fructis adiós esponjado suave & disciplinado 650 ml,$118.00,https://www.walmart.com.mx/ip/shampoo-garnier-fructis-adios-esponjado-suave-disciplinado-650-ml/00750955287652?athbdg=L1504,walmart_page_10
Shampoo L'Oréal Elvive color vive filtro UV cabello teñido 680 ml,$157.00,https://www.walmart.com.mx/ip/shampoo-l-oreal-elvive-color-vive-filtro-uv-cabello-tenido-680-ml/00750955281739?athbdg=L1504,walmart_page_10
Tinte para cabello Palette Intensive Color Creme Kit Negro 1-0 50ml,$69.00,https://www.walmart.com.mx/ip/tinte-para-cabello-palette-intensive-color-creme-kit-negro-1-0-50ml/00770204555409?athbdg=L1504,walmart_page_10
Shampoo L'Oréal Elvive óleo extraordinario cabello seco 680 ml,$157.00,https://www.walmart.com.mx/ip/shampoo-l-oreal-elvive-oleo-extraordinario-cabello-seco-680-ml/00750955281741?athbdg=L1504,walmart_page_10
Detergente líquido Persil Colores Vivos 4.65Lt,$165.00,https://www.walmart.com.mx/ip/detergente-liquido-persil-colores-vivos-4-65lt/00750119941389?athbdg=L1300,walmart_page_10
Horno de Microondas Samsung 0.8 Pies Cúbicos Blanco,"$3,199.00",https://www.walmart.com.mx/ip/horno-de-microondas-samsung-0-8-pies-cubicos-blanco/00880608843551,walmart_page_10
Pañales para bebe Kleenbebé Suavelastic Etapa 5 Jumbo Unisex 40 Piezas,$296.00,https://www.walmart.com.mx/ip/panales-para-bebe-kleenbebe-suavelastic-etapa-5-jumbo-unisex-40-piezas/00750194344496?athbdg=L1504,walmart_page_10
Tinte para cabello L'Oréal Imédia Excellence creme 4.45 castaño cobrizo caoba,$110.00,https://www.walmart.com.mx/ip/tinte-para-cabello-l-oreal-imedia-excellence-creme-4-45-castano-cobrizo-caoba/00750102727538?athbdg=L1504,walmart_page_10
Tiras reactivas OneTouch Ultra 50 pzas + 25 lancetas UltraSoft,$501.00,https://www.walmart.com.mx/ip/tiras-reactivas-onetouch-ultra-50-pzas-25-lancetas-ultrasoft/00750155450041?athbdg=L6000,walmart_page_10
Horno de Microondas LG 1.5 Pies Cúbicos Negro,"$4,171.00",https://www.walmart.com.mx/ip/horno-de-microondas-lg-1-5-pies-cubicos-negro/00880608791603,walmart_page_10
Producto a base de leche Yakult 5 pzas de 80 ml c/u,$38.50,https://www.walmart.com.mx/ip/producto-a-base-de-leche-yakult-5-pzas-de-80-ml-c-u/00750102551100?athbdg=L6000,walmart_page_10
Gel limpiador Nivea Derma skin clear anti-imperfecciones 150ml,$167.00,https://www.walmart.com.mx/ip/gel-limpiador-nivea-derma-skin-clear-anti-imperfecciones-150ml/00400600008430?athbdg=L1504,walmart_page_10
Blanqueador Cloralex Gel 3.75 l,$73.00,https://www.walmart.com.mx/ip/blanqueador-cloralex-gel-3-75-l/00750102540131?athbdg=L1504,walmart_page_10
Bicicleta Infantil Económica DE Montaña Monk Starbike Rodada 20 1 Velocidad Negro,"$2,199.00",https://www.walmart.com.mx/ip/bicicleta-infantil-economica-de-montana-monk-starbike-rodada-20-1-velocidad-negro/00750225267225?athbdg=L1300,walmart_page_10
Shampoo Tresemmé movimiento pro rizos  715 ml,$135.00,https://www.walmart.com.mx/ip/shampoo-tresemme-movimiento-pro-rizos-715-ml/00750630625361?athbdg=L1504,walmart_page_10
Shampoo Pantene Pro V brillo extremo 750 ml,$155.00,https://www.walmart.com.mx/ip/shampoo-pantene-pro-v-brillo-extremo-750-ml/00750100745780?athbdg=L6000,walmart_page_10
Acondicionador Herbal Essences Pelo largo Granada & Proteína Vegana 600 ml,$120.00,https://www.walmart.com.mx/ip/acondicionador-herbal-essences-pelo-largo-granada-proteina-vegana-600-ml/00750043521480?athbdg=L1504,walmart_page_10
Aromatizante Aura Frutos Rojos y Frutas del Bosque,$122.00,https://www.walmart.com.mx/ip/aromatizante-aura-frutos-rojos-y-frutas-del-bosque/00843657151098?athbdg=L1504,walmart_page_10
Alimento para Gato Purina One Wet Adulto y Esterilizado Súper Nutriente 85 g,$19.00,https://www.walmart.com.mx/ip/alimento-para-gato-purina-one-wet-adulto-y-esterilizado-super-nutriente-85-g/00750107221497?athbdg=L1504,walmart_page_10
Desodorante Arm & Hammer ULTRAMAX Sport 73 gr,$101.00,https://www.walmart.com.mx/ip/desodorante-arm-hammer-ultramax-sport-73-gr/00750108095399?athbdg=L6000,walmart_page_10
Ambientador Mikado Aura 2 Pack Cereza 30 ml x 2,$122.00,https://www.walmart.com.mx/ip/ambientador-mikado-aura-2-pack-cereza-30-ml-x-2/00843661836054?athbdg=L1504,walmart_page_10
TV Daewoo 70 pulgadas 4K Ultra HD Smart TV LED DAW70UR,"$9,990.00",https://www.walmart.com.mx/ip/tv-daewoo-70-pulgadas-4k-ultra-hd-smart-tv-led-daw70ur/00888143009276?athbdg=L1300,walmart_page_10
Agua micelar Garnier skin active con agua de rosas 400 ml,$114.00,https://www.walmart.com.mx/ip/agua-micelar-garnier-skin-active-con-agua-de-rosas-400-ml/00360054232641?athbdg=L1300,walmart_page_10
Kit para Cortar el Cabello Wahl Clip & Gromm 22 Pzas,$899.00,https://www.walmart.com.mx/ip/kit-para-cortar-el-cabello-wahl-clip-gromm-22-pzas/00004391710912,walmart_page_10
Acondicionador Tresemmé regeneración molecular  715 ml,$135.00,https://www.walmart.com.mx/ip/acondicionador-tresemme-regeneracion-molecular-715-ml/00750630625358?athbdg=L1504,walmart_page_10
Bocina Inteligente Amazon Echo Pop Wifi Bluetooth Tipo Media Luna Verde,"$1,139.00",https://www.walmart.com.mx/ip/bocina-inteligente-amazon-echo-pop-wifi-bluetooth-tipo-media-luna-verde/00084026893587,walmart_page_10
Batería Cocina 12 Pz Acero Inoxidable Inducción Fraciel Omania Roja Fraciel Omania Roja,"$1,249.00",https://www.walmart.com.mx/ip/bateria-cocina-12-pz-acero-inoxidable-induccion-fraciel-omania-roja-fraciel-omania-roja/00955946734544?athbdg=L1300,walmart_page_10
Limpiador líquido Brasso Gold antigrasa aroma naranja 650 ml,$72.00,https://www.walmart.com.mx/ip/limpiador-liquido-brasso-gold-antigrasa-aroma-naranja-650-ml/00750105875517?athbdg=L1504,walmart_page_10
Labial líquido Revlon Colorstay satin ink eyes on you nude 5 ml,$275.00,https://www.walmart.com.mx/ip/labial-liquido-revlon-colorstay-satin-ink-eyes-on-you-nude-5-ml/00030997011707?athbdg=L6000,walmart_page_10
Pack 2 Almohadas + Colchón Matrimonial Ortopedico America Ortopédico Bloom,"$3,799.00",https://www.walmart.com.mx/ip/pack-2-almohadas-colchon-matrimonial-ortopedico-america-ortopedico-bloom/00046166451797?athbdg=L1300,walmart_page_10
Horno Oster 30 litros con 4 funciones Negro,"$3,799.00",https://www.walmart.com.mx/ip/horno-oster-30-litros-con-4-funciones-negro/00005389115018,walmart_page_10
Pañales Huggies All Around autoajustables etapa 5 unisex 40 piezas,$286.00,https://www.walmart.com.mx/ip/panales-huggies-all-around-autoajustables-etapa-5-unisex-40-piezas/00750194348866?athbdg=L1504,walmart_page_10
Tablet Samsung Galaxy Tab S6 Lite Verde 128 GB,"$8,499.00",https://www.walmart.com.mx/ip/tablet-samsung-galaxy-tab-s6-lite-verde-128-gb/00880609557518,walmart_page_10
Papas fritas Barcel Chip's fuego sabor chile y limón 160 g,$61.00,https://www.walmart.com.mx/ip/papas-fritas-barcel-chip-s-fuego-sabor-chile-y-limon-160-g/00750301854469?athbdg=L1504,walmart_page_2
"Suavizante de telas Downy Elegance, perfume sofisticado con notas florales, 2.6 l",$125.00,https://www.walmart.com.mx/ip/suavizante-de-telas-downy-elegance-perfume-sofisticado-con-notas-florales-2-6-l/00750043517569?athbdg=L1504,walmart_page_2
Alimento para niños NAN Expertpro Confort Total etapa 3 de 1 a 3 años 900 g,$390.00,https://www.walmart.com.mx/ip/alimento-para-ninos-nan-expertpro-confort-total-etapa-3-de-1-a-3-anos-900-g/00750105865545?athbdg=L1510,walmart_page_2
Alimento para niños de corta edad NAN Optimal Pro etapa 4 a partir de 2 años 1.2 kg,$235.00,https://www.walmart.com.mx/ip/alimento-para-ninos-de-corta-edad-nan-optimal-pro-etapa-4-a-partir-de-2-anos-1-2-kg/00750105863483?athbdg=L1510,walmart_page_2
"Suavizante de Telas Downy Intense Pureza, Aroma Cítrico Floral con Hierbas Verdes, 2.8 l",$125.00,https://www.walmart.com.mx/ip/suavizante-de-telas-downy-intense-pureza-aroma-citrico-floral-con-hierbas-verdes-2-8-l/00750043512615?athbdg=L1504,walmart_page_2
Desodorante antitranspirante Rexona powder en aerosol 210 ml,$97.00,https://www.walmart.com.mx/ip/desodorante-antitranspirante-rexona-powder-en-aerosol-210-ml/00750630625065?athbdg=L6000,walmart_page_2
Mascarilla para cabello Garnier Fructis hair food coco cabello dañado 350 ml,$102.00,https://www.walmart.com.mx/ip/mascarilla-para-cabello-garnier-fructis-hair-food-coco-cabello-danado-350-ml/00750955282803?athbdg=L1504,walmart_page_2
"Sofá Cama Makora Queen Con Memory Foam, Color Gris Claro, Lino Respaldo Reclinable De 3 posiciones. Makora Con Portavasos","$4,990.00",https://www.walmart.com.mx/ip/sofa-cama-makora-queen-con-memory-foam-color-gris-claro-lino-respaldo-reclinable-de-3-posiciones-makora-con-portavasos/00073407704296?athbdg=L1300,walmart_page_2
Horno de Microondas Mabe 0.7 Pies Cúbicos Silver,"$1,529.00",https://www.walmart.com.mx/ip/horno-de-microondas-mabe-0-7-pies-cubicos-silver/00075763861472?athbdg=L1300,walmart_page_2
Colchon Ortopédico Spring Air King Size de confort medio modelo Smith,"$5,799.00",https://www.walmart.com.mx/ip/colchon-ortopedico-spring-air-king-size-de-confort-medio-modelo-smith/00750221550514?athbdg=L1300,walmart_page_2
"Suavizante de Telas Downy Intense Floral, Aroma Dulce con Notas Florales, 4.8 l",$183.00,https://www.walmart.com.mx/ip/suavizante-de-telas-downy-intense-floral-aroma-dulce-con-notas-florales-4-8-l/00750043518446?athbdg=L1504,walmart_page_2
Colchón Individual KingsHouse en Caja 15cm Alto KHCESPIB,"$1,269.00",https://www.walmart.com.mx/ip/colchon-individual-kingshouse-en-caja-15cm-alto-khcespib/00750645213525?athbdg=L1300,walmart_page_2
Tinte para cabello L'Oréal Excellence Sin Amoníaco 6u chocolate puro universal,$129.00,https://www.walmart.com.mx/ip/tinte-para-cabello-l-oreal-excellence-sin-amoniaco-6u-chocolate-puro-universal/00750955287823?athbdg=L1504,walmart_page_2
Colchón Matrimonial Ortopédico Spring Air Sleeper,"$5,149.00",https://www.walmart.com.mx/ip/colchon-matrimonial-ortopedico-spring-air-sleeper/00750171928221?athbdg=L1300,walmart_page_2
"Celular APPLE iPhone 15 128GB Chip A16 6.1"" OLED Super Retina XDR","$11,999.00",https://www.walmart.com.mx/ip/celular-apple-iphone-15-128gb-chip-a16-6-1-oled-super-retina-xdr/00019594903593?athbdg=L1300,walmart_page_2
Toallitas Húmedas Huggies con 1440 Piezas,$459.00,https://www.walmart.com.mx/ip/toallitas-humedas-huggies-con-1440-piezas/00750194341306?athbdg=L1300,walmart_page_2
Whisky Johnnie Walker Black Label 1lt Johnnie Walker Whisky,$629.00,https://www.walmart.com.mx/ip/whisky-johnnie-walker-black-label-1lt-johnnie-walker-whisky/00500026702362?athbdg=L1300,walmart_page_2
Chamarra Impermeable Shendy Vendy Chaqueta Para Hombre Con Capucha,$156.00,https://www.walmart.com.mx/ip/chamarra-impermeable-shendy-vendy-chaqueta-para-hombre-con-capucha/00750662400808?athbdg=L1300,walmart_page_2
Limpiador de lavadoras Dr Beckmann 250 g,$82.00,https://www.walmart.com.mx/ip/limpiador-de-lavadoras-dr-beckmann-250-g/00400845543811?athbdg=L1506,walmart_page_2
Lavatrastes Líquido Axion Avena con Vitamina E 1.1 L,$78.00,https://www.walmart.com.mx/ip/lavatrastes-liquido-axion-avena-con-vitamina-e-1-1-l/00750954669009?athbdg=L1504,walmart_page_2
Alimento para Perro Mainstays Adulto Todos los Tamaños 20 kg,$589.00,https://www.walmart.com.mx/ip/alimento-para-perro-mainstays-adulto-todos-los-tamanos-20-kg/00750107221342?athbdg=L1300,walmart_page_2
Mascarilla para cabello Garnier Fructis hair food aguacate cabello seco 350 ml,$102.00,https://www.walmart.com.mx/ip/mascarilla-para-cabello-garnier-fructis-hair-food-aguacate-cabello-seco-350-ml/00750955282896?athbdg=L1504,walmart_page_2
Rasuradora Philips NA One Blade para cara y cuerpo,$679.00,https://www.walmart.com.mx/ip/rasuradora-philips-na-one-blade-para-cara-y-cuerpo/00872068903656?athbdg=L6000,walmart_page_2
Whisky Buchanan's Deluxe 12 años Blended Scotch 750 ml,$559.00,https://www.walmart.com.mx/ip/whisky-buchanan-s-deluxe-12-anos-blended-scotch-750-ml/00000005019638?athbdg=L1300,walmart_page_2
Apple Iphone 15 128GB BLUE modelo A3092,"$11,999.00",https://www.walmart.com.mx/ip/apple-iphone-15-128gb-blue-modelo-a3092/00019594903476?athbdg=L1300,walmart_page_2
Colchón Matrimonial en Caja 21 cm Turin Plus.,"$1,949.00",https://www.walmart.com.mx/ip/colchon-matrimonial-en-caja-21-cm-turin-plus-/00750230110015?athbdg=L1300,walmart_page_2
"Asador para Carbón Bluelander de Acero Inoxidable con Llantas Transportadoras, Termómetro, Portátil","$2,539.00",https://www.walmart.com.mx/ip/asador-para-carbon-bluelander-de-acero-inoxidable-con-llantas-transportadoras-termometro-portatil/00750230815919?athbdg=L1300,walmart_page_2
Batería de Cocina Luxor 7 pz Acero Inoxidable Inducción Fraciel,$659.00,https://www.walmart.com.mx/ip/bateria-de-cocina-luxor-7-pz-acero-inoxidable-induccion-fraciel/00046212780123?athbdg=L1300,walmart_page_2
Zapatera Mueble para Zapatos Organizador con Varios Compartimientos Color Negro,$309.00,https://www.walmart.com.mx/ip/zapatera-mueble-para-zapatos-organizador-con-varios-compartimientos-color-negro/00506500035879?athbdg=L1300,walmart_page_2
Whisky Johnnie Walker Black Label 12 Años Escocés Añejado 750 ml,$489.00,https://www.walmart.com.mx/ip/whisky-johnnie-walker-black-label-12-anos-escoces-anejado-750-ml/00500026702400?athbdg=L1300,walmart_page_2
Combo Dulce RCA 3 Elementos Negro RC-CD,$999.00,https://www.walmart.com.mx/ip/combo-dulce-rca-3-elementos-negro-rc-cd/00750038312035?athbdg=L1300,walmart_page_2
Bocina portátil JBL PartyBox Stage 320,"$8,589.00",https://www.walmart.com.mx/ip/bocina-portatil-jbl-partybox-stage-320/00005003639875?athbdg=L1300,walmart_page_2
Tinte para cabello Garnier Nutrisse 677 chocolate silvia,$87.00,https://www.walmart.com.mx/ip/tinte-para-cabello-garnier-nutrisse-677-chocolate-silvia/00750607894586?athbdg=L1504,walmart_page_2
Colchón Individual Spring Air Collection,"$2,599.00",https://www.walmart.com.mx/ip/colchon-individual-spring-air-collection/00750171925141?athbdg=L1300,walmart_page_2
Suavizante de Telas Suavitel Complete Fresca Primavera 2.8 L,$116.00,https://www.walmart.com.mx/ip/suavizante-de-telas-suavitel-complete-fresca-primavera-2-8-l/00750954608069?athbdg=L1504,walmart_page_2
Refrigerador LG 14 Pies Menta Top Freezer,"$11,990.00",https://www.walmart.com.mx/ip/refrigerador-lg-14-pies-menta-top-freezer/00880608481094?athbdg=L1300,walmart_page_2
Multifuncional HP Smart Tank 580 1F3Y2A Tinta Continua Color,"$3,999.00",https://www.walmart.com.mx/ip/multifuncional-hp-smart-tank-580-1f3y2a-tinta-continua-color/00019606896350?athbdg=L1300,walmart_page_2
Quitamanchas Dr Beckmann desodorante y sudor 500 ml,$146.00,https://www.walmart.com.mx/ip/quitamanchas-dr-beckmann-desodorante-y-sudor-500-ml/00400845552491?athbdg=L1506,walmart_page_2
Suavizante de Telas Suavitel Complete Fresco Aroma de Sol 700 ml,$27.00,https://www.walmart.com.mx/ip/suavizante-de-telas-suavitel-complete-fresco-aroma-de-sol-700-ml/00750954668016?athbdg=L1504,walmart_page_2
Perlas de Perfume Downy Lush Aroma Dulce y Floral 345 g,$219.00,https://www.walmart.com.mx/ip/perlas-de-perfume-downy-lush-aroma-dulce-y-floral-345-g/00003077209572?athbdg=L1504,walmart_page_3
Frigobar Hisense 3.3 Pies RT31D6AGX1 Silver,"$4,419.00",https://www.walmart.com.mx/ip/frigobar-hisense-3-3-pies-rt31d6agx1-silver/00692172707421?athbdg=L1300,walmart_page_3
Bocina inteligente Alexa Spot,"$1,279.00",https://www.walmart.com.mx/ip/bocina-inteligente-alexa-spot/00084026896342?athbdg=L1300,walmart_page_3
Fibra Mas Esponja Sponge Daddy 4 Piezas,$99.00,https://www.walmart.com.mx/ip/fibra-mas-esponja-sponge-daddy-4-piezas/00750227910273?athbdg=L1504,walmart_page_3
Limpia lavadoras Dr Beckmann 250 ml,$60.00,https://www.walmart.com.mx/ip/limpia-lavadoras-dr-beckmann-250-ml/00400845542401?athbdg=L6000,walmart_page_3
Boiler de Paso 1 Regadera 6Lts AVERA  C6L Calentador de Paso Uso Exclusivo Gas LP,"$1,779.00",https://www.walmart.com.mx/ip/boiler-de-paso-1-regadera-6lts-avera-c6l-calentador-de-paso-uso-exclusivo-gas-lp/00750302706124?athbdg=L1300,walmart_page_3
Tinte para cabello Nutrisse Oleos sin amoniaco 7.35 rubio dorado,$97.00,https://www.walmart.com.mx/ip/tinte-para-cabello-nutrisse-oleos-sin-amoniaco-7-35-rubio-dorado/00750955287059?athbdg=L1504,walmart_page_3
Tinte para cabello Garnier Nutrisse 67p chocolate intenso,$87.00,https://www.walmart.com.mx/ip/tinte-para-cabello-garnier-nutrisse-67p-chocolate-intenso/00750955290951?athbdg=L1504,walmart_page_3
iPhone 13 Apple 128 GB Negro Reacondicionado,"$6,049.00",https://www.walmart.com.mx/ip/iphone-13-apple-128-gb-negro-reacondicionado/00085369895437?athbdg=L1500,walmart_page_3
Papel higiénico Kleenex Elegance Cottonelle 30 rollos con 215 hojas dobles c/u,$215.00,https://www.walmart.com.mx/ip/papel-higienico-kleenex-elegance-cottonelle-30-rollos-con-215-hojas-dobles-c-u/00750642565418?athbdg=L1300,walmart_page_3
Tinte para cabello Nutrisse Oleos sin amoniaco 5.31 castaño dorado cenizo,$97.00,https://www.walmart.com.mx/ip/tinte-para-cabello-nutrisse-oleos-sin-amoniaco-5-31-castano-dorado-cenizo/00750955287057?athbdg=L1504,walmart_page_3
Sopa instantánea Maruchan Instant Lunch con camarón limón y habanero 64 g,$14.50,https://www.walmart.com.mx/ip/sopa-instantanea-maruchan-instant-lunch-con-camaron-limon-y-habanero-64-g/00004178900186?athbdg=L6000,walmart_page_3
Perlas de Perfume Downy Paradise Aroma Tropical 345 g,$219.00,https://www.walmart.com.mx/ip/perlas-de-perfume-downy-paradise-aroma-tropical-345-g/00003077210867?athbdg=L1504,walmart_page_3
Mascarilla Garnier Fructis Hairfood Piña para cabello largo y frágil,$102.00,https://www.walmart.com.mx/ip/mascarilla-garnier-fructis-hairfood-pina-para-cabello-largo-y-fragil/00750955287663?athbdg=L1504,walmart_page_3
Laptop HP 15-fc0043la AMD Ryzen 3 8GB RAM 512GB SSD,"$7,999.00",https://www.walmart.com.mx/ip/laptop-hp-15-fc0043la-amd-ryzen-3-8gb-ram-512gb-ssd/00019812284368?athbdg=L1300,walmart_page_3
Tinte para cabello Nutrisse Oleos sin amoniaco 5.0 castaño claro,$105.00,https://www.walmart.com.mx/ip/tinte-para-cabello-nutrisse-oleos-sin-amoniaco-5-0-castano-claro/00750955287069?athbdg=L1504,walmart_page_3
TENIS DAMA LEVI´S 0405890018 SIMIPIEL BLANCO Levis  405890018,$469.00,https://www.walmart.com.mx/ip/tenis-dama-levi-s-0405890018-simipiel-blanco-levis-405890018/00750024092490?athbdg=L1300,walmart_page_3
Suavizante de Telas Suavitel Momentos Mágicos Caricia Irresistible 2.8 L,$116.00,https://www.walmart.com.mx/ip/suavizante-de-telas-suavitel-momentos-magicos-caricia-irresistible-2-8-l/00750954669333?athbdg=L1504,walmart_page_3
Tinte para cabello Garnier Nutrisse 57 caramelo,$87.00,https://www.walmart.com.mx/ip/tinte-para-cabello-garnier-nutrisse-57-caramelo/00750183910012?athbdg=L1504,walmart_page_3
Laptop Lenovo IdeaPad NB IP Slim 3 15IAH8 I5 8GB 512GB Touch Gris más mochila,"$10,499.00",https://www.walmart.com.mx/ip/laptop-lenovo-ideapad-nb-ip-slim-3-15iah8-i5-8gb-512gb-touch-gris-mas-mochila/00019753099126?athbdg=L1300,walmart_page_3
"Sala Esquinera en U El Bazar Store Hera Gris Oxford 160x275x215 cm, 4 Salas en 1, Tela Lino nacional, Modular","$13,389.00",https://www.walmart.com.mx/ip/sala-esquinera-en-u-el-bazar-store-hera-gris-oxford-160x275x215-cm-4-salas-en-1-tela-lino-nacional-modular/00046175455207?athbdg=L1300,walmart_page_3
Cepillo Dental Colgate 360° Black Protección y Salud para Toda tu Boca 2 pzas,$72.00,https://www.walmart.com.mx/ip/cepillo-dental-colgate-360-black-proteccion-y-salud-para-toda-tu-boca-2-pzas/00750954606546?athbdg=L1504,walmart_page_3
Colchon individual Duna Restonic colleccion Duna Random,"$2,239.00",https://www.walmart.com.mx/ip/colchon-individual-duna-restonic-colleccion-duna-random/00046952193318?athbdg=L1300,walmart_page_3
Cubot King Kong 9 Dual Sim 256 Gb 12 Gb Ram Black Desbloqueado,"$4,269.00",https://www.walmart.com.mx/ip/cubot-king-kong-9-dual-sim-256-gb-12-gb-ram-black-desbloqueado/00692413671922?athbdg=L1300,walmart_page_3
Jbl Partybox Ultimate 1100w Wireless Party Speaker,"$22,099.00",https://www.walmart.com.mx/ip/jbl-partybox-ultimate-1100w-wireless-party-speaker/00005003639610?athbdg=L1300,walmart_page_3
Tinte para cabello Nutrisse Oleos sin amoniaco 4.0 castaño,$97.00,https://www.walmart.com.mx/ip/tinte-para-cabello-nutrisse-oleos-sin-amoniaco-4-0-castano/00750955287070?athbdg=L1504,walmart_page_3
Consola Play Station 5 Digital 1 TB Sony,"$9,399.00",https://www.walmart.com.mx/ip/consola-play-station-5-digital-1-tb-sony/00071171957337?athbdg=L1300,walmart_page_3
Aire Minisplit 110v Mirage NEX 1 Tonelada 12000 btu Solo Frio,"$5,239.00",https://www.walmart.com.mx/ip/aire-minisplit-110v-mirage-nex-1-tonelada-12000-btu-solo-frio/00046192856994?athbdg=L1300,walmart_page_3
Jabón Zote en barra rosa 400 g,$22.00,https://www.walmart.com.mx/ip/jabon-zote-en-barra-rosa-400-g/00750102600567?athbdg=L1300,walmart_page_3
Tinte para cabello Garnier Nutrisse 67 chocolate,$87.00,https://www.walmart.com.mx/ip/tinte-para-cabello-garnier-nutrisse-67-chocolate/00750183911025?athbdg=L1504,walmart_page_3
Versace Eros 100 Ml Edt Spray,$931.00,https://www.walmart.com.mx/ip/versace-eros-100-ml-edt-spray/00679944279005?athbdg=L1300,walmart_page_3
Tinte para cabello Garnier Nutrisse 53 nuez,$87.00,https://www.walmart.com.mx/ip/tinte-para-cabello-garnier-nutrisse-53-nuez/00750102720956?athbdg=L1504,walmart_page_3
Tinte para cabello L'Oréal Excellence Sin Amoníaco 7u rubio universal,$129.00,https://www.walmart.com.mx/ip/tinte-para-cabello-l-oreal-excellence-sin-amoniaco-7u-rubio-universal/00750955287820?athbdg=L1504,walmart_page_3
Tinte para cabello Garnier Nutrisse 73 miel,$87.00,https://www.walmart.com.mx/ip/tinte-para-cabello-garnier-nutrisse-73-miel/00750102720921?athbdg=L1504,walmart_page_3
Pañales Rascal + Friends premium etapa 4 unisex 34 pzas,$240.00,https://www.walmart.com.mx/ip/panales-rascal-friends-premium-etapa-4-unisex-34-pzas/00081000541051?athbdg=L1504,walmart_page_3
Tinte para cabello L'Oréal Imédia Excellence creme 5.7 chocolate caramelo,$111.00,https://www.walmart.com.mx/ip/tinte-para-cabello-l-oreal-imedia-excellence-creme-5-7-chocolate-caramelo/00750955290072?athbdg=L1504,walmart_page_3
Juego de Comedor Mesa Tablero de Madera con 6 Sillas Madesa Marrón/Negro/Silver Britney,"$10,249.00",https://www.walmart.com.mx/ip/juego-de-comedor-mesa-tablero-de-madera-con-6-sillas-madesa-marron-negro-silver-britney/00789176095007?athbdg=L1300,walmart_page_3
Aceite vegetal 1-2-3 1 l,$41.00,https://www.walmart.com.mx/ip/aceite-vegetal-1-2-3-1-l/00000007500234?athbdg=L1300,walmart_page_3
Mini Trampolín Athletic Works 3 Pies Negro,$599.00,https://www.walmart.com.mx/ip/mini-trampolin-athletic-works-3-pies-negro/00697039064016?athbdg=L1300,walmart_page_3
Pistaches Wonderful tostados con sal 227 g,$115.00,https://www.walmart.com.mx/ip/pistaches-wonderful-tostados-con-sal-227-g/00001411391047?athbdg=L6000,walmart_page_4
Alimento para niños Gerber a partir de los 12 meses varios sabores 5 pzas,$82.00,https://www.walmart.com.mx/ip/alimento-para-ninos-gerber-a-partir-de-los-12-meses-varios-sabores-5-pzas/00750647511176?athbdg=L1300,walmart_page_4
Aceite Nutrioli puro de soya 946 ml,$40.00,https://www.walmart.com.mx/ip/aceite-nutrioli-puro-de-soya-946-ml/00750103912014?athbdg=L1510,walmart_page_4
Bebida gasificada San Pellegrino Naturali melograno & arancia 330 ml,$34.00,https://www.walmart.com.mx/ip/bebida-gasificada-san-pellegrino-naturali-melograno-arancia-330-ml/00800227054683?athbdg=L1504,walmart_page_4
Tinte permanente para cabello L'Oréal Paris Excellence Tono 7.11 Rubio Cenizo Profundo,$110.00,https://www.walmart.com.mx/ip/tinte-permanente-para-cabello-l-oreal-paris-excellence-tono-7-11-rubio-cenizo-profundo/00750955291179?athbdg=L1504,walmart_page_4
Colchón Individual En Caja Kingshouse Espuma Alta Densidad Memory Foam 190x100x12cm Blanco Individual,"$1,239.00",https://www.walmart.com.mx/ip/colchon-individual-en-caja-kingshouse-espuma-alta-densidad-memory-foam-190x100x12cm-blanco-individual/00750645214032?athbdg=L1300,walmart_page_4
Quitamanchas Dr Beckmann desodorante y sudor 250 ml,$97.00,https://www.walmart.com.mx/ip/quitamanchas-dr-beckmann-desodorante-y-sudor-250-ml/00400845545861?athbdg=L1506,walmart_page_4
Tinte para cabello Garnier Nutrisse 41 café delicia,$87.00,https://www.walmart.com.mx/ip/tinte-para-cabello-garnier-nutrisse-41-cafe-delicia/00750183912999?athbdg=L1504,walmart_page_4
Tinte para cabello Garnier Nutrisse 40 moca,$87.00,https://www.walmart.com.mx/ip/tinte-para-cabello-garnier-nutrisse-40-moca/00750102720958?athbdg=L1504,walmart_page_4
Tinte para cabello Garnier Nutrisse 71 vainilla,$87.00,https://www.walmart.com.mx/ip/tinte-para-cabello-garnier-nutrisse-71-vainilla/00750102722178?athbdg=L1504,walmart_page_4
Microondas Midea 0.7 Pies Cúbicos Silver,"$1,429.00",https://www.walmart.com.mx/ip/microondas-midea-0-7-pies-cubicos-silver/00694427166163?athbdg=L1300,walmart_page_4
Tinte para cabello Nutrisse Oleos sin amoniaco 7.12 rubio cenizo nacarado,$97.00,https://www.walmart.com.mx/ip/tinte-para-cabello-nutrisse-oleos-sin-amoniaco-7-12-rubio-cenizo-nacarado/00750955287063?athbdg=L1504,walmart_page_4
Laptop Asus Vivobook Go E1404FA-NK341W AMD Ryzen 5 7th 8GB 512GB Negro,"$8,689.00",https://www.walmart.com.mx/ip/laptop-asus-vivobook-go-e1404fa-nk341w-amd-ryzen-5-7th-8gb-512gb-negro/00019710557052?athbdg=L1300,walmart_page_4
Tinte para cabello Nutrisse Oleos sin amoniaco 3.0 castaño oscuro,$97.00,https://www.walmart.com.mx/ip/tinte-para-cabello-nutrisse-oleos-sin-amoniaco-3-0-castano-oscuro/00750955287071?athbdg=L1504,walmart_page_4
Bocina Inteligente Echo Dot 5 Wifi Bluetooth Tipo Esfera Negro,"$1,200.00",https://www.walmart.com.mx/ip/bocina-inteligente-echo-dot-5-wifi-bluetooth-tipo-esfera-negro/00084008050365?athbdg=L1300,walmart_page_4
Tinte para cabello Garnier Nutrisse coloríssimos 280 negro zafiro,$87.00,https://www.walmart.com.mx/ip/tinte-para-cabello-garnier-nutrisse-colorissimos-280-negro-zafiro/00750955262438?athbdg=L1504,walmart_page_4
Urna Cafetera Hamilton Beach 45 Tazas Acero Inox,"$1,069.00",https://www.walmart.com.mx/ip/urna-cafetera-hamilton-beach-45-tazas-acero-inox/00004009440519?athbdg=L1300,walmart_page_4
Tinte para cabello Garnier Nutrisse 28 arándano,$87.00,https://www.walmart.com.mx/ip/tinte-para-cabello-garnier-nutrisse-28-arandano/00750955284405?athbdg=L1504,walmart_page_4
Quitamanchas Dr Beckmann El Mago 5  desodorante óxido y sudor 50 ml,$55.00,https://www.walmart.com.mx/ip/quitamanchas-dr-beckmann-el-mago-5-desodorante-oxido-y-sudor-50-ml/00400845539451?athbdg=L1504,walmart_page_4
Tinte para cabello Garnier Nutrisse 50 castaña,$87.00,https://www.walmart.com.mx/ip/tinte-para-cabello-garnier-nutrisse-50-castana/00750102720954?athbdg=L1504,walmart_page_4
Pañales Kleenbebe Movilastic Etapa 6 Unisex 40 piezas,$240.00,https://www.walmart.com.mx/ip/panales-kleenbebe-movilastic-etapa-6-unisex-40-piezas/00750642566189?athbdg=L1504,walmart_page_4
Estufa Atvio 30 Pulgadas 6 Quemadores con Capelo Plateado 30SMG6G066LSM,"$8,990.00",https://www.walmart.com.mx/ip/estufa-atvio-30-pulgadas-6-quemadores-con-capelo-plateado-30smg6g066lsm/00694427167551?athbdg=L6000,walmart_page_4
"Acondicionador L'Oréal Paris Sellador de Liso, Anti frizz 72hrs 680ml",$157.00,https://www.walmart.com.mx/ip/acondicionador-l-oreal-paris-sellador-de-liso-anti-frizz-72hrs-680ml/00750955296152?athbdg=L1504,walmart_page_4
Galletas Marías 720 g,$64.00,https://www.walmart.com.mx/ip/galletas-marias-720-g/00750047801840?athbdg=L1300,walmart_page_4
Tinte para cabello Garnier Nutrisse 45 tamarindo,$87.00,https://www.walmart.com.mx/ip/tinte-para-cabello-garnier-nutrisse-45-tamarindo/00750102723611?athbdg=L1504,walmart_page_4
Tinte para cabello L'Oréal Imédia Excellence 810 rubio claro cenizo profundo,$110.00,https://www.walmart.com.mx/ip/tinte-para-cabello-l-oreal-imedia-excellence-810-rubio-claro-cenizo-profundo/00750955291084?athbdg=L1504,walmart_page_4
Tinte para cabello Garnier Nutrisse coloríssimos 121 azahar,$87.00,https://www.walmart.com.mx/ip/tinte-para-cabello-garnier-nutrisse-colorissimos-121-azahar/00750607895993?athbdg=L1504,walmart_page_4
Tinte para cabello Garnier Nutrisse coloríssimos 4460 borgoña,$87.00,https://www.walmart.com.mx/ip/tinte-para-cabello-garnier-nutrisse-colorissimos-4460-borgona/00750955290109?athbdg=L1504,walmart_page_4
PAQUETE DE 4 LLANTAS 205/55 R16 CONTINENTAL ULTRACONTACT 91V,"$7,099.00",https://www.walmart.com.mx/ip/paquete-de-4-llantas-205-55-r16-continental-ultracontact-91v/00046637133336?athbdg=L1300,walmart_page_4
Juego 4 Maletas De Viaje Rigidas Ruedas 360 Bolsas De Viaje Rumbo azul,"$2,109.00",https://www.walmart.com.mx/ip/juego-4-maletas-de-viaje-rigidas-ruedas-360-bolsas-de-viaje-rumbo-azul/00750645212750?athbdg=L1300,walmart_page_4
Tinte para cabello L'Oréal Imédia Excellence 6.1 rubio oscuro cenizo,$110.00,https://www.walmart.com.mx/ip/tinte-para-cabello-l-oreal-imedia-excellence-6-1-rubio-oscuro-cenizo/00750102727513?athbdg=L1504,walmart_page_4
Vaseline Lip Therapy original,$80.00,https://www.walmart.com.mx/ip/vaseline-lip-therapy-original/00030521020677?athbdg=L1504,walmart_page_4
Refrigerador LG 29 Pies French Door Negro GM39BT,"$18,490.00",https://www.walmart.com.mx/ip/refrigerador-lg-29-pies-french-door-negro-gm39bt/00880608494458?athbdg=L1300,walmart_page_4
Mascarilla tratamiento capilar Fructis Hair Food 350 ml,$102.00,https://www.walmart.com.mx/ip/mascarilla-tratamiento-capilar-fructis-hair-food-350-ml/00750955279621?athbdg=L1504,walmart_page_4
Shampoo Herbal Essences Pelo largo granada & proteína vegana 600 ml,$120.00,https://www.walmart.com.mx/ip/shampoo-herbal-essences-pelo-largo-granada-proteina-vegana-600-ml/00750043521479?athbdg=L1504,walmart_page_4
Caminadora Eléctrica Altera  X80ALT C/ Potencia De 1.5 HP Plegable Color Negro,"$4,689.00",https://www.walmart.com.mx/ip/caminadora-electrica-altera-x80alt-c-potencia-de-1-5-hp-plegable-color-negro/00750231507261?athbdg=L1300,walmart_page_4
Pasta Dental Colgate Máxima Proteccion Anticaries con Calci-protect 135 ml,$70.00,https://www.walmart.com.mx/ip/pasta-dental-colgate-maxima-proteccion-anticaries-con-calci-protect-135-ml/00750954667063?athbdg=L1506,walmart_page_4
Tinte para cabello Nutrisse Oleos sin amoniaco 6.66 rubio rojizo profundo,$97.00,https://www.walmart.com.mx/ip/tinte-para-cabello-nutrisse-oleos-sin-amoniaco-6-66-rubio-rojizo-profundo/00750955287066?athbdg=L1504,walmart_page_4
Pañales para bebe Kleenbebé Suavelastic Etapa 7 Extra Extra Jumbo Unisex 40 Piezas,$306.00,https://www.walmart.com.mx/ip/panales-para-bebe-kleenbebe-suavelastic-etapa-7-extra-extra-jumbo-unisex-40-piezas/00750642564574?athbdg=L1504,walmart_page_4
Tinte para cabello Nutrisse Oleos sin amoniaco 7.0 rubio,$97.00,https://www.walmart.com.mx/ip/tinte-para-cabello-nutrisse-oleos-sin-amoniaco-7-0-rubio/00750955287064?athbdg=L1504,walmart_page_5
Tinte para cabello L'Oréal Imédia Excellence matizador supreme 7.17 rubio cenizo mate,$110.00,https://www.walmart.com.mx/ip/tinte-para-cabello-l-oreal-imedia-excellence-matizador-supreme-7-17-rubio-cenizo-mate/00750955284447?athbdg=L1504,walmart_page_5
Película Fujifilm Instax Twin Pack Mini B,$429.00,https://www.walmart.com.mx/ip/pelicula-fujifilm-instax-twin-pack-mini-b/00454741017383?athbdg=L1300,walmart_page_5
Croquetas para Perro Ganador Premium Adulto Raza Grande 15 kg,$839.00,https://www.walmart.com.mx/ip/croquetas-para-perro-ganador-premium-adulto-raza-grande-15-kg/00750200287447?athbdg=L1300,walmart_page_5
Tinte para cabello Garnier Nutrisse coloríssimos 316 lavanda,$87.00,https://www.walmart.com.mx/ip/tinte-para-cabello-garnier-nutrisse-colorissimos-316-lavanda/00750955290369?athbdg=L1504,walmart_page_5
Tinte para cabello Garnier Nutrisse ultra cobertura 60u rubio oscuro profundo,$87.00,https://www.walmart.com.mx/ip/tinte-para-cabello-garnier-nutrisse-ultra-cobertura-60u-rubio-oscuro-profundo/00750955291034?athbdg=L1504,walmart_page_5
Aromatizante de Ambiente Aura Colgante multiusos Aroma a Frutos Rojos 6 ml,$59.00,https://www.walmart.com.mx/ip/aromatizante-de-ambiente-aura-colgante-multiusos-aroma-a-frutos-rojos-6-ml/00843661836027?athbdg=L1504,walmart_page_5
Tinte para cabello Garnier Nutrisse 7.777 café con leche,$87.00,https://www.walmart.com.mx/ip/tinte-para-cabello-garnier-nutrisse-7-777-cafe-con-leche/00750955293489?athbdg=L1504,walmart_page_5
Colchón + 2 Almohadas Spring Air + Cubre Colchón Matrimonial + 2 Fundas Spring Air  Carmín,"$4,799.00",https://www.walmart.com.mx/ip/colchon-2-almohadas-spring-air-cubre-colchon-matrimonial-2-fundas-spring-air-carmin/00046416372634?athbdg=L1300,walmart_page_5
Cepillo Dental Colgate Total Limpieza Espumosa 2 Pzas,$95.00,https://www.walmart.com.mx/ip/cepillo-dental-colgate-total-limpieza-espumosa-2-pzas/00750954669372?athbdg=L1504,walmart_page_5
Bálsamo labial Labello Caring Beauty red 4.8 g,$112.00,https://www.walmart.com.mx/ip/balsamo-labial-labello-caring-beauty-red-4-8-g/00400590094867?athbdg=L6000,walmart_page_5
Bocina Bluetooth LG Xboom RNC9,"$6,799.00",https://www.walmart.com.mx/ip/bocina-bluetooth-lg-xboom-rnc9/00880609196006?athbdg=L1300,walmart_page_5
Tinte para cabello Garnier Nutrisse 713 vainilla silvia,$87.00,https://www.walmart.com.mx/ip/tinte-para-cabello-garnier-nutrisse-713-vainilla-silvia/00750607897102?athbdg=L1504,walmart_page_5
Set Juego 3 Sartenes Acero Inoxidable Induccion Fraciel Sin Teflón Fraciel Cristy Sartenes,$769.00,https://www.walmart.com.mx/ip/set-juego-3-sartenes-acero-inoxidable-induccion-fraciel-sin-teflon-fraciel-cristy-sartenes/00955946734038?athbdg=L1300,walmart_page_5
Lavadora Mabe 21 Kg Blanca,"$9,690.00",https://www.walmart.com.mx/ip/lavadora-mabe-21-kg-blanca/00075763897247?athbdg=L1300,walmart_page_5
Tinte para cabello Garnier Nutrisse coloríssimos 462 ciruela,$87.00,https://www.walmart.com.mx/ip/tinte-para-cabello-garnier-nutrisse-colorissimos-462-ciruela/00750955282659?athbdg=L1504,walmart_page_5
Tinte para cabello L'Oréal Imédia Excellence matizador supreme 6.111 rubio oscuro cenizo plata,$112.00,https://www.walmart.com.mx/ip/tinte-para-cabello-l-oreal-imedia-excellence-matizador-supreme-6-111-rubio-oscuro-cenizo-plata/00750955279177?athbdg=L1504,walmart_page_5
Discos Activos Gel Limpiador Continuo para Sanitarios Pato Lima Fresca 2 Repuestos de 72 ml,$80.00,https://www.walmart.com.mx/ip/discos-activos-gel-limpiador-continuo-para-sanitarios-pato-lima-fresca-2-repuestos-de-72-ml/00750103291709?athbdg=L1504,walmart_page_5
Sistema de altavoz portátil Bose S1 Pro+ Bluetooth 869583-1110,"$14,959.00",https://www.walmart.com.mx/ip/sistema-de-altavoz-portatil-bose-s1-pro-bluetooth-869583-1110/00001781783734?athbdg=L6000,walmart_page_5
Lattafa Khamrah eau de parfum 100 ml Kim Kardashian Kim kardashian for woman eau de parfum 100 ml,$529.00,https://www.walmart.com.mx/ip/lattafa-khamrah-eau-de-parfum-100-ml-kim-kardashian-kim-kardashian-for-woman-eau-de-parfum-100-ml/00629110873719?athbdg=L1300,walmart_page_5
Tinte para cabello Garnier Nutrisse coloríssimos 5562 fresa,$87.00,https://www.walmart.com.mx/ip/tinte-para-cabello-garnier-nutrisse-colorissimos-5562-fresa/00750607895998?athbdg=L1504,walmart_page_5
"Cámara instantánea FUJIFILM Instax Mini 12, Azul","$1,949.00",https://www.walmart.com.mx/ip/camara-instantanea-fujifilm-instax-mini-12-azul/00064109480926?athbdg=L1300,walmart_page_5
Litera Tam Mex Individual Chocolate,"$8,089.00",https://www.walmart.com.mx/ip/litera-tam-mex-individual-chocolate/00750110110692?athbdg=L1300,walmart_page_5
Shampoo Head & Shoulders Anti-Caída' Renovación Capilar con Romero 650 ml,$145.00,https://www.walmart.com.mx/ip/shampoo-head-shoulders-anti-caida-renovacion-capilar-con-romero-650-ml/00750043525660?athbdg=L6000,walmart_page_5
Colchón Matrimonial Master más 2 almohadas Core,"$2,499.00",https://www.walmart.com.mx/ip/colchon-matrimonial-master-mas-2-almohadas-core/00750120120279?athbdg=L1300,walmart_page_5
Tinte para cabello Garnier Nutrisse coloríssimos 6660 manzana,$94.00,https://www.walmart.com.mx/ip/tinte-para-cabello-garnier-nutrisse-colorissimos-6660-manzana/00750607895999?athbdg=L1504,walmart_page_5
Tinte para cabello Palette Intensive Color Creme Kit Rubio Cobrizo  9-7 50ml,$66.00,https://www.walmart.com.mx/ip/tinte-para-cabello-palette-intensive-color-creme-kit-rubio-cobrizo-9-7-50ml/00770202954305?athbdg=L1504,walmart_page_5
Refrigerador 12 Pies Samsung Top Mount Acero,"$8,990.00",https://www.walmart.com.mx/ip/refrigerador-12-pies-samsung-top-mount-acero/00880609536309?athbdg=L1300,walmart_page_5
Perfume Carolina Herrera 212 Eau de Toilette 100 ml,"$1,339.00",https://www.walmart.com.mx/ip/perfume-carolina-herrera-212-eau-de-toilette-100-ml/00841106185316?athbdg=L1300,walmart_page_5
Tinte para cabello L'Oréal Imédia Excellence 7.1 rubio cenizo,$110.00,https://www.walmart.com.mx/ip/tinte-para-cabello-l-oreal-imedia-excellence-7-1-rubio-cenizo/00750102727517?athbdg=L1504,walmart_page_5
Tinte para cabello Nutrisse Oleos sin amoniaco 2.11 negro platinado,$97.00,https://www.walmart.com.mx/ip/tinte-para-cabello-nutrisse-oleos-sin-amoniaco-2-11-negro-platinado/00750955287072?athbdg=L1504,walmart_page_5
"Detergente en Polvo Ace limpieza Rápida con Oxígeno Activo, 51 Cargas (5.5 kg)",$205.00,https://www.walmart.com.mx/ip/detergente-en-polvo-ace-limpieza-rapida-con-oxigeno-activo-51-cargas-5-5-kg-/00750043514781?athbdg=L1300,walmart_page_5
Tinte para cabello L'Oréal Imédia Excellence 5 castaño claro,$110.00,https://www.walmart.com.mx/ip/tinte-para-cabello-l-oreal-imedia-excellence-5-castano-claro/00750102727508?athbdg=L1504,walmart_page_5
Bálsamo labial Labello cereza 4.8 g,$79.00,https://www.walmart.com.mx/ip/balsamo-labial-labello-cereza-4-8-g/00750105450277?athbdg=L6000,walmart_page_5
"Perlas de Perfume Downy Fresh Aroma Limpio y Fresco, 345 g",$219.00,https://www.walmart.com.mx/ip/perlas-de-perfume-downy-fresh-aroma-limpio-y-fresco-345-g/00003077209571?athbdg=L1504,walmart_page_5
Tinte para cabello Nutrisse Oleos sin amoniaco 9.1 rubio cenizo,$97.00,https://www.walmart.com.mx/ip/tinte-para-cabello-nutrisse-oleos-sin-amoniaco-9-1-rubio-cenizo/00750955287060?athbdg=L1504,walmart_page_5
Tinte permanente para cabello Garnier Nutrisse sin amoniaco Tono 7.3 Rubio Dorado,$97.00,https://www.walmart.com.mx/ip/tinte-permanente-para-cabello-garnier-nutrisse-sin-amoniaco-tono-7-3-rubio-dorado/00750955296253?athbdg=L1504,walmart_page_5
Tinte para cabello Garnier Nutrisse coloríssimos 6646 cobrizo rubí,$87.00,https://www.walmart.com.mx/ip/tinte-para-cabello-garnier-nutrisse-colorissimos-6646-cobrizo-rubi/00750955281668?athbdg=L1504,walmart_page_5
Tinte para cabello L'Oréal Imédia Excellence 710 rubio cenizo profundo,$110.00,https://www.walmart.com.mx/ip/tinte-para-cabello-l-oreal-imedia-excellence-710-rubio-cenizo-profundo/00750955291085?athbdg=L1504,walmart_page_5
Papilla Gerber etapa 3 varios sabores 4 pzas de 170 g c/u,$61.00,https://www.walmart.com.mx/ip/papilla-gerber-etapa-3-varios-sabores-4-pzas-de-170-g-c-u/00750105864266?athbdg=L1300,walmart_page_6
Shampoo con Acondicionador Pantene Pro-V Restauración 2 en 1 700 ml,$155.00,https://www.walmart.com.mx/ip/shampoo-con-acondicionador-pantene-pro-v-restauracion-2-en-1-700-ml/00750043511496?athbdg=L6000,walmart_page_6
Crema corporal Lubriderm reparación intensiva 400 ml,$85.00,https://www.walmart.com.mx/ip/crema-corporal-lubriderm-reparacion-intensiva-400-ml/00750100752842?athbdg=L1300,walmart_page_6
Hielera Coleman 48 Qt O 45 Lit Azul Con Asas Tapa Enfriador 153812,$958.80,https://www.walmart.com.mx/ip/hielera-coleman-48-qt-o-45-lit-azul-con-asas-tapa-enfriador-153812/00007650130381?athbdg=L1300,walmart_page_6
Blanqueador líquido Cloralex El Rendidor 3.75 l,$59.00,https://www.walmart.com.mx/ip/blanqueador-liquido-cloralex-el-rendidor-3-75-l/00000007500063?athbdg=L1504,walmart_page_6
Labial Revlon Suede Ink first class 2.55 g,$245.00,https://www.walmart.com.mx/ip/labial-revlon-suede-ink-first-class-2-55-g/00030997018724?athbdg=L6000,walmart_page_6
Vaporera Vasconia Esencial de Aluminio de 32 cm,$649.00,https://www.walmart.com.mx/ip/vaporera-vasconia-esencial-de-aluminio-de-32-cm/00750104404683?athbdg=L1300,walmart_page_6
Tinte para cabello Garnier Nutrisse coloríssimos ua rubio dorado maracuyá,$87.00,https://www.walmart.com.mx/ip/tinte-para-cabello-garnier-nutrisse-colorissimos-ua-rubio-dorado-maracuya/00750955283709?athbdg=L1504,walmart_page_6
Tinte para cabello Nutrisse Oleos sin amoniaco 8.12 rubio claro platinado,$97.00,https://www.walmart.com.mx/ip/tinte-para-cabello-nutrisse-oleos-sin-amoniaco-8-12-rubio-claro-platinado/00750955287075?athbdg=L1504,walmart_page_6
Shampoo Tresemme Shampoo 715 ml,$135.00,https://www.walmart.com.mx/ip/shampoo-tresemme-shampoo-715-ml/00750630622492?athbdg=L1504,walmart_page_6
Tinte para cabello Palette Intensive Color Creme Kit Chocolate 5-68 50ml,$69.00,https://www.walmart.com.mx/ip/tinte-para-cabello-palette-intensive-color-creme-kit-chocolate-5-68-50ml/00770204555412?athbdg=L1504,walmart_page_6
Tinte para cabello Garnier Nutrisse ultra cobertura 50u castaño claro profundo,$87.00,https://www.walmart.com.mx/ip/tinte-para-cabello-garnier-nutrisse-ultra-cobertura-50u-castano-claro-profundo/00750955291033?athbdg=L1504,walmart_page_6
Tinte para cabello Palette Intensive Color Creme Kit Extra Claro 12-1 50 ml,$69.00,https://www.walmart.com.mx/ip/tinte-para-cabello-palette-intensive-color-creme-kit-extra-claro-12-1-50-ml/00770204582675?athbdg=L1504,walmart_page_6
Tinte para cabello L'Oréal Imédia Excellence creme 677 chocolate profundo,$110.00,https://www.walmart.com.mx/ip/tinte-para-cabello-l-oreal-imedia-excellence-creme-677-chocolate-profundo/00750955291091?athbdg=L1504,walmart_page_6
Pañales Huggies Ultraconfort E7 Niño 40 piezas,$402.00,https://www.walmart.com.mx/ip/panales-huggies-ultraconfort-e7-nino-40-piezas/00750642566292?athbdg=L1504,walmart_page_6
Impermeabilizante Impercaucho 12 años blanco 19 L,$839.00,https://www.walmart.com.mx/ip/impermeabilizante-impercaucho-12-anos-blanco-19-l/00750301498016?athbdg=L1300,walmart_page_6
Vaporera Ekco Silver 34 cm,$659.00,https://www.walmart.com.mx/ip/vaporera-ekco-silver-34-cm/00750105995740?athbdg=L1300,walmart_page_6
"Shampoo Dove Derma Care balance capilar, frescura y movimiento por 48h, 400 ml",$105.00,https://www.walmart.com.mx/ip/shampoo-dove-derma-care-balance-capilar-frescura-y-movimiento-por-48h-400-ml/00750630625598?athbdg=L1504,walmart_page_6
Estufa Acros 20 Pulgadas Negra,"$5,479.00",https://www.walmart.com.mx/ip/estufa-acros-20-pulgadas-negra/00750154561700?athbdg=L6000,walmart_page_6
Set LEGO Technic Mercedes-AMG F1 W14 E Performance Pull-Back 42165,$719.00,https://www.walmart.com.mx/ip/set-lego-technic-mercedes-amg-f1-w14-e-performance-pull-back-42165/00067341939426?athbdg=L1300,walmart_page_6
Tinte para cabello L'Oréal Imédia Excellence creme 8 rubio miel,$110.00,https://www.walmart.com.mx/ip/tinte-para-cabello-l-oreal-imedia-excellence-creme-8-rubio-miel/00750955291180?athbdg=L1504,walmart_page_6
Tinte para cabello L'Oréal Excellence Cafés Parisinos 5.3 macchiato castaño claro dorado,$110.00,https://www.walmart.com.mx/ip/tinte-para-cabello-l-oreal-excellence-cafes-parisinos-5-3-macchiato-castano-claro-dorado/00750102727529?athbdg=L1504,walmart_page_6
Pantalla Inteligente Alexa 3era Gen 5.5 pulgadas,"$1,579.00",https://www.walmart.com.mx/ip/pantalla-inteligente-alexa-3era-gen-5-5-pulgadas/00084008054361?athbdg=L1300,walmart_page_6
Bálsamo labial Labello mora 4.8 g,$79.00,https://www.walmart.com.mx/ip/balsamo-labial-labello-mora-4-8-g/00400590031475?athbdg=L6000,walmart_page_6
Bocina Samsung One Body Negro MX-T40/ZX,"$5,999.00",https://www.walmart.com.mx/ip/bocina-samsung-one-body-negro-mx-t40-zx/00880609050244?athbdg=L6000,walmart_page_6
Perlas de Perfume Downy Fresh Aroma Limpio y Fresco 141 g,$99.00,https://www.walmart.com.mx/ip/perlas-de-perfume-downy-fresh-aroma-limpio-y-fresco-141-g/00003077208725?athbdg=L6000,walmart_page_6
Azúcar morena Zulka 2 kg,$50.00,https://www.walmart.com.mx/ip/azucar-morena-zulka-2-kg/00066144000005?athbdg=L6000,walmart_page_6
Shampoo Tío Nacho anti-caída engrosador 415 ml,$109.00,https://www.walmart.com.mx/ip/shampoo-tio-nacho-anti-caida-engrosador-415-ml/00065024003516?athbdg=L1504,walmart_page_6
Tinte para cabello L'Oréal Imédia Excellence creme 5.1 castaño claro cenizo,$110.00,https://www.walmart.com.mx/ip/tinte-para-cabello-l-oreal-imedia-excellence-creme-5-1-castano-claro-cenizo/00750102727509?athbdg=L1504,walmart_page_6
Bálsamo labial Labello fresa 4.8 g,$79.00,https://www.walmart.com.mx/ip/balsamo-labial-labello-fresa-4-8-g/00750105450790?athbdg=L6000,walmart_page_6
Combo Taladro 20v 6 En 1 B+D Mtx20K6A Black & Decker Multi-herramienta 6 en 1 MATRIX,"$2,989.00",https://www.walmart.com.mx/ip/combo-taladro-20v-6-en-1-b-d-mtx20k6a-black-decker-multi-herramienta-6-en-1-matrix/00080673375238?athbdg=L1300,walmart_page_6
Momcozy S9 Pro Extractor de Leche Eléctrico Portátil 24mm,"$2,349.00",https://www.walmart.com.mx/ip/momcozy-s9-pro-extractor-de-leche-electrico-portatil-24mm/00074115798651?athbdg=L1300,walmart_page_6
Tinte para cabello Garnier Nutrisse ultra cobertura 30u castaño oscuro profundo,$87.00,https://www.walmart.com.mx/ip/tinte-para-cabello-garnier-nutrisse-ultra-cobertura-30u-castano-oscuro-profundo/00750955291079?athbdg=L1504,walmart_page_6
Fibra Scrub Daddy Cocina 3 Piezas,$99.00,https://www.walmart.com.mx/ip/fibra-scrub-daddy-cocina-3-piezas/00750227910324?athbdg=L1504,walmart_page_6
Tinte para cabello Garnier Nutrisse coloríssimos 416 lavanda intensa,$87.00,https://www.walmart.com.mx/ip/tinte-para-cabello-garnier-nutrisse-colorissimos-416-lavanda-intensa/00750955282692?athbdg=L1504,walmart_page_6
Pañales premium Rascals Etapa 3 Unisex  144 piezas,$699.00,https://www.walmart.com.mx/ip/panales-premium-rascals-etapa-3-unisex-144-piezas/00081000541729?athbdg=L1300,walmart_page_6
Bálsamo para labios Renova humectante chocolate 4.6 g,$55.00,https://www.walmart.com.mx/ip/balsamo-para-labios-renova-humectante-chocolate-4-6-g/00750105415002?athbdg=L1504,walmart_page_6
Tinte para cabello L'Oréal Imédia Excellence creme extra profundos 4460 pasión,$110.00,https://www.walmart.com.mx/ip/tinte-para-cabello-l-oreal-imedia-excellence-creme-extra-profundos-4460-pasion/00750955291379?athbdg=L1504,walmart_page_6
Set de Comedor Denver 6 Sillas SALVANTO 160x100 cm Mdf UV Color Parota,"$13,899.00",https://www.walmart.com.mx/ip/set-de-comedor-denver-6-sillas-salvanto-160x100-cm-mdf-uv-color-parota/00046699686815?athbdg=L1300,walmart_page_6
"Suavizante Downy Passion, perfume sofisticado toque de frutos rojos, 2.6 l",$125.00,https://www.walmart.com.mx/ip/suavizante-downy-passion-perfume-sofisticado-toque-de-frutos-rojos-2-6-l/00750043517574?athbdg=L1504,walmart_page_7
Bálsamo para labios Renova humectante cereza 4.6 g,$55.00,https://www.walmart.com.mx/ip/balsamo-para-labios-renova-humectante-cereza-4-6-g/00750105415000?athbdg=L1504,walmart_page_7
Shampoo L'Oréal Elvive hialurónico pure 680 ml,$157.00,https://www.walmart.com.mx/ip/shampoo-l-oreal-elvive-hialuronico-pure-680-ml/00750955287498?athbdg=L1504,walmart_page_7
Banco Multiposiciones LUMO para Ejercicio Pecho Brazo Abdomen,"$2,089.00",https://www.walmart.com.mx/ip/banco-multiposiciones-lumo-para-ejercicio-pecho-brazo-abdomen/00750231672212?athbdg=L1300,walmart_page_7
Pañales Huggies Supreme etapa recién nacido unisex  40 piezas,$250.00,https://www.walmart.com.mx/ip/panales-huggies-supreme-etapa-recien-nacido-unisex-40-piezas/00750194341617?athbdg=L1504,walmart_page_7
Acondicionador L'Oréal Elvive reparación total 5 cabello dañado 680 ml,$59.00,https://www.walmart.com.mx/ip/acondicionador-l-oreal-elvive-reparacion-total-5-cabello-danado-680-ml/00750955281753?athbdg=L1504,walmart_page_7
Shampoo Tío Nacho anti-caída ultra hidratante 415 ml,$109.00,https://www.walmart.com.mx/ip/shampoo-tio-nacho-anti-caida-ultra-hidratante-415-ml/00779814025849?athbdg=L1504,walmart_page_7
Tinte para cabello L'Oréal Imédia Excellence matizador supreme 8.12 rubio claro cenizo perla,$112.00,https://www.walmart.com.mx/ip/tinte-para-cabello-l-oreal-imedia-excellence-matizador-supreme-8-12-rubio-claro-cenizo-perla/00750955284448?athbdg=L1504,walmart_page_7
Lavatrastes Líquido Axion Tricloro 100% Efectivo Arrancagrasa 1.1 L,$78.00,https://www.walmart.com.mx/ip/lavatrastes-liquido-axion-tricloro-100-efectivo-arrancagrasa-1-1-l/00750954607891?athbdg=L1504,walmart_page_7
Shampoo Tresemmé regeneración molecular  715 ml,$135.00,https://www.walmart.com.mx/ip/shampoo-tresemme-regeneracion-molecular-715-ml/00750630625359?athbdg=L1504,walmart_page_7
Calentador de Paso Instantáneo CINSA CIN-06E Gas LP,"$1,739.00",https://www.walmart.com.mx/ip/calentador-de-paso-instantaneo-cinsa-cin-06e-gas-lp/00750222704030?athbdg=L1300,walmart_page_7
Tinte para cabello Nutrisse Oleos sin amoniaco 8.0 rubio claro,$97.00,https://www.walmart.com.mx/ip/tinte-para-cabello-nutrisse-oleos-sin-amoniaco-8-0-rubio-claro/00750955287061?athbdg=L1504,walmart_page_7
Lavatrastes Líquido Axion Natural Essentials100% Efectivo Arrancagrasa 1.1 L,$78.00,https://www.walmart.com.mx/ip/lavatrastes-liquido-axion-natural-essentials100-efectivo-arrancagrasa-1-1-l/00750954665599?athbdg=L1504,walmart_page_7
Tinte para cabello L'Oréal Imédia Excellence creme 6 rubio oscuro,$110.00,https://www.walmart.com.mx/ip/tinte-para-cabello-l-oreal-imedia-excellence-creme-6-rubio-oscuro/00750102727512?athbdg=L1504,walmart_page_7
Mascarilla capilar Garnier Fructis hair food sandía cabello dañado 350 ml,$102.00,https://www.walmart.com.mx/ip/mascarilla-capilar-garnier-fructis-hair-food-sandia-cabello-danado-350-ml/00750955284952?athbdg=L1504,walmart_page_7
Tinte para cabello Garnier Nutrisse ultra cobertura 71u rubio cenizo profundo,$87.00,https://www.walmart.com.mx/ip/tinte-para-cabello-garnier-nutrisse-ultra-cobertura-71u-rubio-cenizo-profundo/00750955291344?athbdg=L1504,walmart_page_7
Tinte para cabello L'Oréal Imédia Excellence creme 8.1 rubio claro cenizo,$110.00,https://www.walmart.com.mx/ip/tinte-para-cabello-l-oreal-imedia-excellence-creme-8-1-rubio-claro-cenizo/00750102727522?athbdg=L1504,walmart_page_7
Shampoo Herbal Essences Anti-Frizz Lavanda & Aceite de Almendras 600 ml,$113.00,https://www.walmart.com.mx/ip/shampoo-herbal-essences-anti-frizz-lavanda-aceite-de-almendras-600-ml/00750043521477?athbdg=L1504,walmart_page_7
Bálsamo para labios Renova humectante pink vainilla 4.6 g,$55.00,https://www.walmart.com.mx/ip/balsamo-para-labios-renova-humectante-pink-vainilla-4-6-g/00750105415001?athbdg=L1504,walmart_page_7
Tinte para cabello Palette Intensive Color Creme Kit Rubio Medio Cenizo 7-1 50ml,$69.00,https://www.walmart.com.mx/ip/tinte-para-cabello-palette-intensive-color-creme-kit-rubio-medio-cenizo-7-1-50ml/00770204555404?athbdg=L1504,walmart_page_7
Pañales Rascals Premium etapa 7 unisex  26 piezas,$250.00,https://www.walmart.com.mx/ip/panales-rascals-premium-etapa-7-unisex-26-piezas/00084019160448?athbdg=L1504,walmart_page_7
DJI Osmo Pocket 3 Standard Combo Cámara CMOS 1'' 4K,"$12,499.00",https://www.walmart.com.mx/ip/dji-osmo-pocket-3-standard-combo-camara-cmos-1-4k/00694156596990,walmart_page_7
Shampoo Tío Nacho herbolaria milenaria 950 ml,$190.00,https://www.walmart.com.mx/ip/shampoo-tio-nacho-herbolaria-milenaria-950-ml/00065024006117?athbdg=L1504,walmart_page_7
Pañales Huggies Supreme etapa 1 unisex 40 piezas,$276.00,https://www.walmart.com.mx/ip/panales-huggies-supreme-etapa-1-unisex-40-piezas/00750194341686?athbdg=L1504,walmart_page_7
Tinte para cabello L'Oréal Imédia Excellence creme 7.3 rubio dorado,$110.00,https://www.walmart.com.mx/ip/tinte-para-cabello-l-oreal-imedia-excellence-creme-7-3-rubio-dorado/00750102720725?athbdg=L1504,walmart_page_7
Shampoo Tresemme Shampoo 715 ml,$135.00,https://www.walmart.com.mx/ip/shampoo-tresemme-shampoo-715-ml/00750630622503?athbdg=L1504,walmart_page_7
Tinte para cabello L'Oréal Excellence Cafés Parisinos 5.5 chai castaño claro caoba,$111.00,https://www.walmart.com.mx/ip/tinte-para-cabello-l-oreal-excellence-cafes-parisinos-5-5-chai-castano-claro-caoba/00750102727511?athbdg=L1504,walmart_page_7
Tinte para cabello Garnier Nutrisse ultra cobertura 81u rubio claro cenizo,$87.00,https://www.walmart.com.mx/ip/tinte-para-cabello-garnier-nutrisse-ultra-cobertura-81u-rubio-claro-cenizo/00750955291345?athbdg=L1504,walmart_page_7
Paquete Colchon Queen Size Spring Air Smith + 2 Almohadas + Box + Cubre Colchon + Juego de Sabanas,"$8,649.00",https://www.walmart.com.mx/ip/paquete-colchon-queen-size-spring-air-smith-2-almohadas-box-cubre-colchon-juego-de-sabanas/00046189239044?athbdg=L1300,walmart_page_7
Acondicionador L'Oréal Elvive hidra hialurónico cabello deshidratado 680 ml,$157.00,https://www.walmart.com.mx/ip/acondicionador-l-oreal-elvive-hidra-hialuronico-cabello-deshidratado-680-ml/00750955284592?athbdg=L1504,walmart_page_7
Cámara Réflex Digital Nikon D7500 con Lente de 18-140 Mm Modelo Internacional,"$20,969.00",https://www.walmart.com.mx/ip/camara-reflex-digital-nikon-d7500-con-lente-de-18-140-mm-modelo-internacional/00001820801582?athbdg=L1300,walmart_page_7
Balsamo labial pink bubbly mini tarro,$93.00,https://www.walmart.com.mx/ip/balsamo-labial-pink-bubbly-mini-tarro/00888646706283?athbdg=L1504,walmart_page_7
Limpiador de tapicería Dr Beckmann 400 ml,$106.00,https://www.walmart.com.mx/ip/limpiador-de-tapiceria-dr-beckmann-400-ml/00400845557761?athbdg=L1504,walmart_page_7
Tinte para cabello Garnier Nutrisse coloríssimos 4462 rojo carmín,$87.00,https://www.walmart.com.mx/ip/tinte-para-cabello-garnier-nutrisse-colorissimos-4462-rojo-carmin/00750955291031?athbdg=L1504,walmart_page_7
Refrigerador Samsung 25 Pies French Door RF25C5551S9/EM Silver,"$21,990.00",https://www.walmart.com.mx/ip/refrigerador-samsung-25-pies-french-door-rf25c5551s9-em-silver/00880609470743?athbdg=L1300,walmart_page_7
Tinte para cabello L'Oréal Imédia Excellence creme 4 castaño,$110.00,https://www.walmart.com.mx/ip/tinte-para-cabello-l-oreal-imedia-excellence-creme-4-castano/00750102727504?athbdg=L1504,walmart_page_7
Alimento Húmedo para gatos Fancy Feast Supremo Carne 75g,$20.00,https://www.walmart.com.mx/ip/alimento-humedo-para-gatos-fancy-feast-supremo-carne-75g/00750107222131?athbdg=L1504,walmart_page_7
Tiras reactivas OneTouch Select Plus para análisis en glucosa en sangre 50 pzas,$436.00,https://www.walmart.com.mx/ip/tiras-reactivas-onetouch-select-plus-para-analisis-en-glucosa-en-sangre-50-pzas/00761342701177?athbdg=L6000,walmart_page_7
Crema hidratante facial Neutrogena Hydro Boost en gel con ácido hialurónico 50 ml,$384.00,https://www.walmart.com.mx/ip/crema-hidratante-facial-neutrogena-hydro-boost-en-gel-con-acido-hialuronico-50-ml/00789101088298?athbdg=L1504,walmart_page_7
Alimento para Perro Pedigree Adulto Pollo en Filetes 100 g,$12.00,https://www.walmart.com.mx/ip/alimento-para-perro-pedigree-adulto-pollo-en-filetes-100-g/00070646024923?athbdg=L1504,walmart_page_8
Loción Facial Desmaquillante Dual Ponds Clarant B3 200 ml,$110.00,https://www.walmart.com.mx/ip/locion-facial-desmaquillante-dual-ponds-clarant-b3-200-ml/00750105634627?athbdg=L1504,walmart_page_8
Alimento para Gato Purina One Wet Adulto y Esterilizado Súper Food 85 g,$19.00,https://www.walmart.com.mx/ip/alimento-para-gato-purina-one-wet-adulto-y-esterilizado-super-food-85-g/00750107221496?athbdg=L1504,walmart_page_8
Set de Juego Mattel Barbie Nueva Casa de los Sueños,"$2,099.00",https://www.walmart.com.mx/ip/set-de-juego-mattel-barbie-nueva-casa-de-los-suenos/00019473513426?athbdg=L1300,walmart_page_8
Pañal Huggies Eco Protect etapa 2 unisex 160 piezas,$499.00,https://www.walmart.com.mx/ip/panal-huggies-eco-protect-etapa-2-unisex-160-piezas/00750642562145?athbdg=L1300,walmart_page_8
Bálsamo para labios Renova humectante fresa 4.6 g,$55.00,https://www.walmart.com.mx/ip/balsamo-para-labios-renova-humectante-fresa-4-6-g/00750105414999?athbdg=L1504,walmart_page_8
Tinte para cabello Garnier Nutrisse ultra cobertura 80u rubio claro profundo,$87.00,https://www.walmart.com.mx/ip/tinte-para-cabello-garnier-nutrisse-ultra-cobertura-80u-rubio-claro-profundo/00750955291036?athbdg=L1504,walmart_page_8
Aromatizante ambiental Aura brisa marina 100 ml,$135.00,https://www.walmart.com.mx/ip/aromatizante-ambiental-aura-brisa-marina-100-ml/00843657151819?athbdg=L1504,walmart_page_8
Licuadora Profesional NINJA BL610 Gris NINJA BL610,"$1,589.00",https://www.walmart.com.mx/ip/licuadora-profesional-ninja-bl610-gris-ninja-bl610/00062235653682?athbdg=L1300,walmart_page_8
Lavadora Hisense Una Tina 15 kg Tapa de color Gris,"$3,389.00",https://www.walmart.com.mx/ip/lavadora-hisense-una-tina-15-kg-tapa-de-color-gris/00690110181462?athbdg=L1300,walmart_page_8
Bocina JBL PartyBox Club 120 JBL,"$6,749.00",https://www.walmart.com.mx/ip/bocina-jbl-partybox-club-120-jbl/00005003639951,walmart_page_8
Meraki Sofá Cama Chocolate Sofantastico Varias Posiciones,"$7,990.00",https://www.walmart.com.mx/ip/meraki-sofa-cama-chocolate-sofantastico-varias-posiciones/00068289543377?athbdg=L1300,walmart_page_8
Pañales Huggies All Around autoajustables etapa 6 unisex 40 piezas,$286.00,https://www.walmart.com.mx/ip/panales-huggies-all-around-autoajustables-etapa-6-unisex-40-piezas/00750194348868?athbdg=L1504,walmart_page_8
Shampoo Tío Nacho aceite de coco hidratante 950 ml,$205.00,https://www.walmart.com.mx/ip/shampoo-tio-nacho-aceite-de-coco-hidratante-950-ml/00065024006116?athbdg=L1504,walmart_page_8
Aromatizante ambiental Aura sándalo y cedro 100 ml,$135.00,https://www.walmart.com.mx/ip/aromatizante-ambiental-aura-sandalo-y-cedro-100-ml/00843657151817?athbdg=L1504,walmart_page_8
Cepillo Dental Colgate Encías Therapy Cerdas Suaves de Puntas Cónicas 2 Piezas,$105.00,https://www.walmart.com.mx/ip/cepillo-dental-colgate-encias-therapy-cerdas-suaves-de-puntas-conicas-2-piezas/00750954666774?athbdg=L1504,walmart_page_8
Tinte para cabello Palette Intensive Color Creme Kit Chocolate Mocca Deluxe 5-60 50ml,$69.00,https://www.walmart.com.mx/ip/tinte-para-cabello-palette-intensive-color-creme-kit-chocolate-mocca-deluxe-5-60-50ml/00770202930665?athbdg=L1504,walmart_page_8
Cepillo Dental Colgate Super Flexi Mayor Alcance Limpieza Superior 5 pzas,$90.00,https://www.walmart.com.mx/ip/cepillo-dental-colgate-super-flexi-mayor-alcance-limpieza-superior-5-pzas/00750954607525?athbdg=L1504,walmart_page_8
Colchón Matrimonial Restonic Master más 2 almohadas más sabanas Cell,"$3,799.00",https://www.walmart.com.mx/ip/colchon-matrimonial-restonic-master-mas-2-almohadas-mas-sabanas-cell/00750120120280?athbdg=L1300,walmart_page_8
Coach Wild Rose 90Ml Edp Spray Coach M604,$747.00,https://www.walmart.com.mx/ip/coach-wild-rose-90ml-edp-spray-coach-m604/00338646012657?athbdg=L1300,walmart_page_8
Colchón King Size Restonic + Box + 2 Almohadas Std + Complemento Premier,"$8,799.00",https://www.walmart.com.mx/ip/colchon-king-size-restonic-box-2-almohadas-std-complemento-premier/00046252732419?athbdg=L1300,walmart_page_8
Champagne Dom Perignon Luminous 750 ml,"$7,248.00",https://www.walmart.com.mx/ip/champagne-dom-perignon-luminous-750-ml/00318537066572?athbdg=L1300,walmart_page_8
Momcozy M5 Extractor de Leche Eléctrico Manos Libres,"$3,999.00",https://www.walmart.com.mx/ip/momcozy-m5-extractor-de-leche-electrico-manos-libres/00697574036043?athbdg=L1300,walmart_page_8
Motocicleta ITALIKA VORT-X 250 ROJO NEGRO Motocicleta Deportiva VORTX,"$49,999.00",https://www.walmart.com.mx/ip/motocicleta-italika-vort-x-250-rojo-negro-motocicleta-deportiva-vortx/00750067200024?athbdg=L1300,walmart_page_8
Shampoo Tío Nacho anti-edad 10x jalea real 415 ml,$109.00,https://www.walmart.com.mx/ip/shampoo-tio-nacho-anti-edad-10x-jalea-real-415-ml/00065024001073?athbdg=L1504,walmart_page_8
Brandy Torres 10 de 700 ml,$310.00,https://www.walmart.com.mx/ip/brandy-torres-10-de-700-ml/00841011300007?athbdg=L1300,walmart_page_8
Perfume Lancome La Vie Est Belle Dama L`Eau de Parfum 100 ml,"$2,107.00",https://www.walmart.com.mx/ip/perfume-lancome-la-vie-est-belle-dama-l-eau-de-parfum-100-ml/00070101970764?athbdg=L1300,walmart_page_8
Litera Individual-Individual Dormimundo Toscano,"$5,299.00",https://www.walmart.com.mx/ip/litera-individual-individual-dormimundo-toscano/00072640903886?athbdg=L6000,walmart_page_8
Rotomartillo Makita M0801B Linea MT,$849.00,https://www.walmart.com.mx/ip/rotomartillo-makita-m0801b-linea-mt/00008838172913?athbdg=L1300,walmart_page_8
Shampoo Tío Nacho anticaída 950 ml,$190.00,https://www.walmart.com.mx/ip/shampoo-tio-nacho-anticaida-950-ml/00065024006616?athbdg=L1504,walmart_page_8
Tinte para cabello Garnier Nutrisse 70 almendra,$87.00,https://www.walmart.com.mx/ip/tinte-para-cabello-garnier-nutrisse-70-almendra/00750102720918?athbdg=L1504,walmart_page_8
Fibra Chococoa Daddy Doble cara Esponja+Fibra 2 piezas,$149.00,https://www.walmart.com.mx/ip/fibra-chococoa-daddy-doble-cara-esponja-fibra-2-piezas/00750227910598?athbdg=L1504,walmart_page_8
Cuna Infanti Silver De viaje colecho negro,"$2,349.00",https://www.walmart.com.mx/ip/cuna-infanti-silver-de-viaje-colecho-negro/00750111818804?athbdg=L1300,walmart_page_8
Lavadora Samsung 22 kg Blanca Mod. WA22A3350GW/AX Carga Superior,"$10,609.00",https://www.walmart.com.mx/ip/lavadora-samsung-22-kg-blanca-mod-wa22a3350gw-ax-carga-superior/00880609218777?athbdg=L1300,walmart_page_8
"Perfume en aerosol Billie Eilish Eau de Parfum para mujer, notas de pétalos azucarados, vainilla y almizcle, 100 ml (multicolor)",$697.00,https://www.walmart.com.mx/ip/perfume-en-aerosol-billie-eilish-eau-de-parfum-para-mujer-notas-de-petalos-azucarados-vainilla-y-almizcle-100-ml-multicolor-/00060894058220?athbdg=L1300,walmart_page_8
Toallas femeninas Kotex Nocturna extra larga con alas flujo súper abundante 30 piezas,$55.00,https://www.walmart.com.mx/ip/toallas-femeninas-kotex-nocturna-extra-larga-con-alas-flujo-super-abundante-30-piezas/00750642563074?athbdg=L6000,walmart_page_8
Pomada de la Campana 75 g,$55.00,https://www.walmart.com.mx/ip/pomada-de-la-campana-75-g/00750106562816?athbdg=L1505,walmart_page_8
Cilindro para Gas LP INGUSA PT30CIL_01 de 30 KGS Válvula Tradicional,"$2,179.00",https://www.walmart.com.mx/ip/cilindro-para-gas-lp-ingusa-pt30cil-01-de-30-kgs-valvula-tradicional/00072750210027?athbdg=L1300,walmart_page_8
Aromatizante de Ambiente Aura colgante multiusos Aroma a Sándalo y Cedro 6 ml,$59.00,https://www.walmart.com.mx/ip/aromatizante-de-ambiente-aura-colgante-multiusos-aroma-a-sandalo-y-cedro-6-ml/00843661836026?athbdg=L1504,walmart_page_8
Cereal seco para niños Nestum de arroz 270 g,$66.00,https://www.walmart.com.mx/ip/cereal-seco-para-ninos-nestum-de-arroz-270-g/00750105861667?athbdg=L1504,walmart_page_9
Vino Tinto Riunite Lambrusco 750 ml,$115.00,https://www.walmart.com.mx/ip/vino-tinto-riunite-lambrusco-750-ml/00008051613514?athbdg=L1300,walmart_page_9
"Antiácido Alka-Seltzer Boost dolor de cabeza, fatiga, cansancio y malestar estomacal caja con 1 tabletas efervescentes",$66.00,https://www.walmart.com.mx/ip/antiacido-alka-seltzer-boost-dolor-de-cabeza-fatiga-cansancio-y-malestar-estomacal-caja-con-1-tabletas-efervescentes/00750100849759?athbdg=L1506,walmart_page_9
Sopa instantánea Maruchan ramen sabor camarón limón y habanero 85 g,$9.00,https://www.walmart.com.mx/ip/sopa-instantanea-maruchan-ramen-sabor-camaron-limon-y-habanero-85-g/00004178900296?athbdg=L1504,walmart_page_9
Whisky Buchanan's Deluxe 12 Years 1 l,$699.00,https://www.walmart.com.mx/ip/whisky-buchanan-s-deluxe-12-years-1-l/00500019600280?athbdg=L1300,walmart_page_9
Balsamo labial Labello Caring beauty coral 4.8g,$112.00,https://www.walmart.com.mx/ip/balsamo-labial-labello-caring-beauty-coral-4-8g/00400600009467?athbdg=L6000,walmart_page_9
Sopa instantánea Maruchan Instant Lunch con camarón y chile piquín 64 g,$14.50,https://www.walmart.com.mx/ip/sopa-instantanea-maruchan-instant-lunch-con-camaron-y-chile-piquin-64-g/00004178900198?athbdg=L6000,walmart_page_9
Balsamo labial Labello Caring beauty rose 4.8g,$112.00,https://www.walmart.com.mx/ip/balsamo-labial-labello-caring-beauty-rose-4-8g/00400600009466?athbdg=L6000,walmart_page_9
Silla Plegable Blanca 10pz INMATMEX Silla Plegable,"$3,220.00",https://www.walmart.com.mx/ip/silla-plegable-blanca-10pz-inmatmex-silla-plegable/00750304865157?athbdg=L6000,walmart_page_9
Rack estante anaquel Gutstark Acero Industrial 2.1 Ton 4 Niveles,"$4,979.00",https://www.walmart.com.mx/ip/rack-estante-anaquel-gutstark-acero-industrial-2-1-ton-4-niveles/00750230691982?athbdg=L1300,walmart_page_9
Cepillo Dental Colgate Max White Carbón con Estrella Pulidora 4 Piezas,$87.00,https://www.walmart.com.mx/ip/cepillo-dental-colgate-max-white-carbon-con-estrella-pulidora-4-piezas/00750954669033?athbdg=L1504,walmart_page_9
Soporte para esponja Scrub Daddy 1 pza,$169.00,https://www.walmart.com.mx/ip/soporte-para-esponja-scrub-daddy-1-pza/00750227910363?athbdg=L1504,walmart_page_9
Tequila Don Julio Blanco 700 ml,$449.00,https://www.walmart.com.mx/ip/tequila-don-julio-blanco-700-ml/00500028105627?athbdg=L1300,walmart_page_9
"Bálsamo labial Labello Hydrocare fps 15, 4.8 g",$79.00,https://www.walmart.com.mx/ip/balsamo-labial-labello-hydrocare-fps-15-4-8-g/00750105450452?athbdg=L6000,walmart_page_9
Shampoo L'Oréal Elvive hidra hialurónico cabello deshidratado 680 ml,$157.00,https://www.walmart.com.mx/ip/shampoo-l-oreal-elvive-hidra-hialuronico-cabello-deshidratado-680-ml/00750955284589?athbdg=L1504,walmart_page_9
Sofá Cama M & E MUEBLES Carmen Chocolate Matrimonial 3 Posiciones,"$5,729.00",https://www.walmart.com.mx/ip/sofa-cama-m-e-muebles-carmen-chocolate-matrimonial-3-posiciones/00046114426589?athbdg=L1300,walmart_page_9
Pañales Huggies Supreme etapa 2 unisex 40 piezas,$310.00,https://www.walmart.com.mx/ip/panales-huggies-supreme-etapa-2-unisex-40-piezas/00750194344170?athbdg=L1504,walmart_page_9
Shampoo Elvive Caída Resist Aminexil Shampoo de 680 ml,$157.00,https://www.walmart.com.mx/ip/shampoo-elvive-caida-resist-aminexil-shampoo-de-680-ml/00750955288955?athbdg=L1504,walmart_page_9
Tinte para cabello Palette Intensive Color Creme Kit Violeta Rojizo 4-90 50ml,$69.00,https://www.walmart.com.mx/ip/tinte-para-cabello-palette-intensive-color-creme-kit-violeta-rojizo-4-90-50ml/00770204555414?athbdg=L1504,walmart_page_9
Tinte para cabello Garnier Nutrisse ultra cobertura 40u castaño profundo,$87.00,https://www.walmart.com.mx/ip/tinte-para-cabello-garnier-nutrisse-ultra-cobertura-40u-castano-profundo/00750955291032?athbdg=L1504,walmart_page_9
Limpiador líquido Windex original para vidrios y superficies 500 ml,$33.00,https://www.walmart.com.mx/ip/limpiador-liquido-windex-original-para-vidrios-y-superficies-500-ml/00750103292928?athbdg=L1504,walmart_page_9
Tiras reactivas One Touch Ultra 25 pzas,$292.00,https://www.walmart.com.mx/ip/tiras-reactivas-one-touch-ultra-25-pzas/00035388516025?athbdg=L1506,walmart_page_9
Sofá Cama Carmen M & E MUEBLES Matrimonial 3 Posiciones,"$5,729.00",https://www.walmart.com.mx/ip/sofa-cama-carmen-m-e-muebles-matrimonial-3-posiciones/00046219734387?athbdg=L1300,walmart_page_9
Gel corporal Torongia con L-Carnitina 180 g,$79.00,https://www.walmart.com.mx/ip/gel-corporal-torongia-con-l-carnitina-180-g/00076957500092?athbdg=L1506,walmart_page_9
Quitamanchas Dr Beckmann El Mago grasas y salsas 50 ml,$42.50,https://www.walmart.com.mx/ip/quitamanchas-dr-beckmann-el-mago-grasas-y-salsas-50-ml/00400845539411?athbdg=L1504,walmart_page_9
Acondicionador L'Oréal Paris sellador de brillo cabello opaco 680 ml,$157.00,https://www.walmart.com.mx/ip/acondicionador-l-oreal-paris-sellador-de-brillo-cabello-opaco-680-ml/00750955292860?athbdg=L1504,walmart_page_9
Bálsamo labial Labello Caring Beauty pink 4.8 g,$112.00,https://www.walmart.com.mx/ip/balsamo-labial-labello-caring-beauty-pink-4-8-g/00400590094866?athbdg=L6000,walmart_page_9
Tinte para cabello L'Oréal Excellence Cafés Parisinos 4.02 capuccino castaño ligeramente irisado,$110.00,https://www.walmart.com.mx/ip/tinte-para-cabello-l-oreal-excellence-cafes-parisinos-4-02-capuccino-castano-ligeramente-irisado/00750955285563?athbdg=L1504,walmart_page_9
Lavadora LG 22Kg Carga Frontal Silver,"$19,990.00",https://www.walmart.com.mx/ip/lavadora-lg-22kg-carga-frontal-silver/00880609613369?athbdg=L1300,walmart_page_9
Lavadora Una Tina Acros 22kg Gris ALF2253EG,"$4,399.00",https://www.walmart.com.mx/ip/lavadora-una-tina-acros-22kg-gris-alf2253eg/00750154562182?athbdg=L1300,walmart_page_9
Agua micelar Garnier skin active en aceite 400 ml,$175.00,https://www.walmart.com.mx/ip/agua-micelar-garnier-skin-active-en-aceite-400-ml/00360054174452?athbdg=L1504,walmart_page_9
Leche Condensada La Lechera Original Lata 375g,$26.00,https://www.walmart.com.mx/ip/leche-condensada-la-lechera-original-lata-375g/00750647510472?athbdg=L1300,walmart_page_9
Fibra Scrub Daddy Flex Texture 2 piezas,$149.00,https://www.walmart.com.mx/ip/fibra-scrub-daddy-flex-texture-2-piezas/00750227910599?athbdg=L1504,walmart_page_9
Sérum Nivea Skin glow glow instantáneo 30ml,$215.00,https://www.walmart.com.mx/ip/serum-nivea-skin-glow-glow-instantaneo-30ml/00400600018191?athbdg=L1504,walmart_page_9
Tequila 1800 Cristalino Añejo 700 ml,$714.50,https://www.walmart.com.mx/ip/tequila-1800-cristalino-anejo-700-ml/00750103501348,walmart_page_9
Tinte para cabello Palette Intensive Color Creme Kit Negro Azulado 1-1 50ml,$69.00,https://www.walmart.com.mx/ip/tinte-para-cabello-palette-intensive-color-creme-kit-negro-azulado-1-1-50ml/00770204555410?athbdg=L1504,walmart_page_9
Paleta para contorno Beauty Creations Snatchtural color corrector bronze fórmula cremosa de 15g,$294.00,https://www.walmart.com.mx/ip/paleta-para-contorno-beauty-creations-snatchtural-color-corrector-bronze-formula-cremosa-de-15g/00066761953454?athbdg=L1506,walmart_page_9
Creed Aventus 100 Ml Edp Spray Creed Creed 3508441001114,"$9,350.00",https://www.walmart.com.mx/ip/creed-aventus-100-ml-edp-spray-creed-creed-3508441001114/00350844100111?athbdg=L6000,walmart_page_9
Agua micelar Garnier skin active express aclara tono uniforme 400 ml,$104.00,https://www.walmart.com.mx/ip/agua-micelar-garnier-skin-active-express-aclara-tono-uniforme-400-ml/00750955284231?athbdg=L1300,walmart_page_9
